"LOCATION","INDICATOR","SUBJECT","MEASURE","FREQUENCY","TIME","Value","Flag Codes"
"AUS","GFCF","TOT","QGRWTH","Q","2017-Q1",0.433897819,
"AUS","GFCF","TOT","QGRWTH","Q","2017-Q2",0.77210772,
"AUS","GFCF","TOT","QGRWTH","Q","2017-Q3",2.603280896,
"AUS","GFCF","TOT","QGRWTH","Q","2017-Q4",-0.03366858,
"AUS","GFCF","TOT","QGRWTH","Q","2018-Q1",1.50955128,
"AUS","GFCF","TOT","QGRWTH","Q","2018-Q2",-0.528312802,
"AUS","GFCF","TOT","QGRWTH","Q","2018-Q3",0.474671365,
"AUS","GFCF","TOT","QGRWTH","Q","2018-Q4",-1.865881271,
"AUS","GFCF","TOT","QGRWTH","Q","2019-Q1",-0.438908454,
"AUS","GFCF","TOT","QGRWTH","Q","2019-Q2",-1.907997909,
"AUS","GFCF","TOT","QGRWTH","Q","2019-Q3",1.615596412,
"AUS","GFCF","TOT","QGRWTH","Q","2019-Q4",-0.492968211,
"AUS","GFCF","TOT","QGRWTH","Q","2020-Q1",-0.428652993,
"AUS","GFCF","TOT","QGRWTH","Q","2020-Q2",-5.477385605,
"AUS","GFCF","TOT","QGRWTH","Q","2020-Q3",1.595923396,
"AUS","GFCF","TOT","QGRWTH","Q","2020-Q4",3.837108894,
"AUS","GFCF","TOT","QGRWTH","Q","2021-Q1",4.931215995,
"AUS","GFCF","TOT","QGRWTH","Q","2021-Q2",3.157433247,
"AUS","GFCF","TOT","QGRWTH","Q","2021-Q3",0.254997793,
"AUS","GFCF","TOT","QGRWTH","Q","2021-Q4",-0.776091174,
"AUS","GFCF","TOT","QGRWTH","Q","2022-Q1",0.662208127,
"AUS","GFCF","TOT","QGRWTH","Q","2022-Q2",0.155892915,
"AUT","GFCF","TOT","QGRWTH","Q","2017-Q1",2.55563805,
"AUT","GFCF","TOT","QGRWTH","Q","2017-Q2",0.758866861,
"AUT","GFCF","TOT","QGRWTH","Q","2017-Q3",1.443729783,
"AUT","GFCF","TOT","QGRWTH","Q","2017-Q4",-0.557590495,
"AUT","GFCF","TOT","QGRWTH","Q","2018-Q1",-0.281581973,
"AUT","GFCF","TOT","QGRWTH","Q","2018-Q2",4.144001863,
"AUT","GFCF","TOT","QGRWTH","Q","2018-Q3",-0.562203557,
"AUT","GFCF","TOT","QGRWTH","Q","2018-Q4",4.444244027,
"AUT","GFCF","TOT","QGRWTH","Q","2019-Q1",0.897389739,
"AUT","GFCF","TOT","QGRWTH","Q","2019-Q2",0.047167356,
"AUT","GFCF","TOT","QGRWTH","Q","2019-Q3",0.067281766,
"AUT","GFCF","TOT","QGRWTH","Q","2019-Q4",-1.463874193,
"AUT","GFCF","TOT","QGRWTH","Q","2020-Q1",-1.18416018,
"AUT","GFCF","TOT","QGRWTH","Q","2020-Q2",-11.48099459,
"AUT","GFCF","TOT","QGRWTH","Q","2020-Q3",12.489324792,
"AUT","GFCF","TOT","QGRWTH","Q","2020-Q4",1.013172474,
"AUT","GFCF","TOT","QGRWTH","Q","2021-Q1",5.450163964,
"AUT","GFCF","TOT","QGRWTH","Q","2021-Q2",2.584426761,
"AUT","GFCF","TOT","QGRWTH","Q","2021-Q3",-5.198268706,
"AUT","GFCF","TOT","QGRWTH","Q","2021-Q4",1.400886244,
"AUT","GFCF","TOT","QGRWTH","Q","2022-Q1",1.443005761,
"AUT","GFCF","TOT","QGRWTH","Q","2022-Q2",-1.325023892,
"AUT","GFCF","TOT","QGRWTH","Q","2022-Q3",-0.345521972,
"BEL","GFCF","TOT","QGRWTH","Q","2017-Q1",1.897030026,
"BEL","GFCF","TOT","QGRWTH","Q","2017-Q2",1.569443888,
"BEL","GFCF","TOT","QGRWTH","Q","2017-Q3",-0.607040088,
"BEL","GFCF","TOT","QGRWTH","Q","2017-Q4",1.134245489,
"BEL","GFCF","TOT","QGRWTH","Q","2018-Q1",0.921532489,
"BEL","GFCF","TOT","QGRWTH","Q","2018-Q2",0.174852347,
"BEL","GFCF","TOT","QGRWTH","Q","2018-Q3",0.977464024,
"BEL","GFCF","TOT","QGRWTH","Q","2018-Q4",2.112703108,
"BEL","GFCF","TOT","QGRWTH","Q","2019-Q1",1.764285446,
"BEL","GFCF","TOT","QGRWTH","Q","2019-Q2",0.443590123,
"BEL","GFCF","TOT","QGRWTH","Q","2019-Q3",1.203444723,
"BEL","GFCF","TOT","QGRWTH","Q","2019-Q4",0.541837885,
"BEL","GFCF","TOT","QGRWTH","Q","2020-Q1",-2.759693287,"P"
"BEL","GFCF","TOT","QGRWTH","Q","2020-Q2",-16.153989213,"P"
"BEL","GFCF","TOT","QGRWTH","Q","2020-Q3",18.174962293,"P"
"BEL","GFCF","TOT","QGRWTH","Q","2020-Q4",3.881527084,"P"
"BEL","GFCF","TOT","QGRWTH","Q","2021-Q1",-1.387634156,"P"
"BEL","GFCF","TOT","QGRWTH","Q","2021-Q2",1.465792077,"P"
"BEL","GFCF","TOT","QGRWTH","Q","2021-Q3",-1.957456029,"P"
"BEL","GFCF","TOT","QGRWTH","Q","2021-Q4",-1.790253067,"P"
"BEL","GFCF","TOT","QGRWTH","Q","2022-Q1",2.141705112,"P"
"BEL","GFCF","TOT","QGRWTH","Q","2022-Q2",-1.630434783,"P"
"CAN","GFCF","TOT","QGRWTH","Q","2017-Q1",2.739428409,
"CAN","GFCF","TOT","QGRWTH","Q","2017-Q2",0.876185106,
"CAN","GFCF","TOT","QGRWTH","Q","2017-Q3",0.908171917,
"CAN","GFCF","TOT","QGRWTH","Q","2017-Q4",3.042313081,
"CAN","GFCF","TOT","QGRWTH","Q","2018-Q1",0.489020011,
"CAN","GFCF","TOT","QGRWTH","Q","2018-Q2",0.20843272,
"CAN","GFCF","TOT","QGRWTH","Q","2018-Q3",-1.462445581,
"CAN","GFCF","TOT","QGRWTH","Q","2018-Q4",-1.296769139,
"CAN","GFCF","TOT","QGRWTH","Q","2019-Q1",1.319295613,
"CAN","GFCF","TOT","QGRWTH","Q","2019-Q2",-0.410636362,
"CAN","GFCF","TOT","QGRWTH","Q","2019-Q3",1.819780937,
"CAN","GFCF","TOT","QGRWTH","Q","2019-Q4",-1.006278107,
"CAN","GFCF","TOT","QGRWTH","Q","2020-Q1",0.473395403,
"CAN","GFCF","TOT","QGRWTH","Q","2020-Q2",-13.127259297,
"CAN","GFCF","TOT","QGRWTH","Q","2020-Q3",13.65541834,
"CAN","GFCF","TOT","QGRWTH","Q","2020-Q4",2.334760018,
"CAN","GFCF","TOT","QGRWTH","Q","2021-Q1",4.053476291,
"CAN","GFCF","TOT","QGRWTH","Q","2021-Q2",-0.573754612,
"CAN","GFCF","TOT","QGRWTH","Q","2021-Q3",-3.253836041,
"CAN","GFCF","TOT","QGRWTH","Q","2021-Q4",2.282536043,
"CAN","GFCF","TOT","QGRWTH","Q","2022-Q1",1.604293118,
"CAN","GFCF","TOT","QGRWTH","Q","2022-Q2",-2.319246767,
"CZE","GFCF","TOT","QGRWTH","Q","2017-Q1",2.010205972,
"CZE","GFCF","TOT","QGRWTH","Q","2017-Q2",2.206350936,
"CZE","GFCF","TOT","QGRWTH","Q","2017-Q3",1.795596621,
"CZE","GFCF","TOT","QGRWTH","Q","2017-Q4",2.468794927,
"CZE","GFCF","TOT","QGRWTH","Q","2018-Q1",2.987251914,
"CZE","GFCF","TOT","QGRWTH","Q","2018-Q2",2.517164536,
"CZE","GFCF","TOT","QGRWTH","Q","2018-Q3",2.522830146,
"CZE","GFCF","TOT","QGRWTH","Q","2018-Q4",0.817770046,
"CZE","GFCF","TOT","QGRWTH","Q","2019-Q1",2.752983581,
"CZE","GFCF","TOT","QGRWTH","Q","2019-Q2",-0.010772142,
"CZE","GFCF","TOT","QGRWTH","Q","2019-Q3",0.763523257,
"CZE","GFCF","TOT","QGRWTH","Q","2019-Q4",0.619842641,
"CZE","GFCF","TOT","QGRWTH","Q","2020-Q1",-4.419790154,
"CZE","GFCF","TOT","QGRWTH","Q","2020-Q2",-2.381637871,
"CZE","GFCF","TOT","QGRWTH","Q","2020-Q3",-1.73775164,
"CZE","GFCF","TOT","QGRWTH","Q","2020-Q4",0.579489633,
"CZE","GFCF","TOT","QGRWTH","Q","2021-Q1",-0.537740838,
"CZE","GFCF","TOT","QGRWTH","Q","2021-Q2",1.380732133,
"CZE","GFCF","TOT","QGRWTH","Q","2021-Q3",1.66080151,
"CZE","GFCF","TOT","QGRWTH","Q","2021-Q4",1.385506227,
"CZE","GFCF","TOT","QGRWTH","Q","2022-Q1",2.289371041,
"CZE","GFCF","TOT","QGRWTH","Q","2022-Q2",0.649789194,
"DNK","GFCF","TOT","QGRWTH","Q","2017-Q1",-2.854684219,
"DNK","GFCF","TOT","QGRWTH","Q","2017-Q2",3.573255738,
"DNK","GFCF","TOT","QGRWTH","Q","2017-Q3",2.326675429,
"DNK","GFCF","TOT","QGRWTH","Q","2017-Q4",1.939266773,
"DNK","GFCF","TOT","QGRWTH","Q","2018-Q1",-1.415393441,
"DNK","GFCF","TOT","QGRWTH","Q","2018-Q2",12.038884695,
"DNK","GFCF","TOT","QGRWTH","Q","2018-Q3",-12.205556785,
"DNK","GFCF","TOT","QGRWTH","Q","2018-Q4",-0.363317406,
"DNK","GFCF","TOT","QGRWTH","Q","2019-Q1",3.866551779,
"DNK","GFCF","TOT","QGRWTH","Q","2019-Q2",-2.945969144,
"DNK","GFCF","TOT","QGRWTH","Q","2019-Q3",2.688946758,
"DNK","GFCF","TOT","QGRWTH","Q","2019-Q4",-0.547677623,
"DNK","GFCF","TOT","QGRWTH","Q","2020-Q1",1.651536873,
"DNK","GFCF","TOT","QGRWTH","Q","2020-Q2",-2.897045862,
"DNK","GFCF","TOT","QGRWTH","Q","2020-Q3",6.231534696,
"DNK","GFCF","TOT","QGRWTH","Q","2020-Q4",9.221609187,
"DNK","GFCF","TOT","QGRWTH","Q","2021-Q1",-4.942141497,
"DNK","GFCF","TOT","QGRWTH","Q","2021-Q2",3.401450637,
"DNK","GFCF","TOT","QGRWTH","Q","2021-Q3",-1.364815738,
"DNK","GFCF","TOT","QGRWTH","Q","2021-Q4",2.213529119,
"DNK","GFCF","TOT","QGRWTH","Q","2022-Q1",3.04880095,
"DNK","GFCF","TOT","QGRWTH","Q","2022-Q2",0.162591918,
"FIN","GFCF","TOT","QGRWTH","Q","2017-Q1",1.913057636,
"FIN","GFCF","TOT","QGRWTH","Q","2017-Q2",1.557632399,
"FIN","GFCF","TOT","QGRWTH","Q","2017-Q3",2.847254994,
"FIN","GFCF","TOT","QGRWTH","Q","2017-Q4",-1.124197002,
"FIN","GFCF","TOT","QGRWTH","Q","2018-Q1",2.351303272,
"FIN","GFCF","TOT","QGRWTH","Q","2018-Q2",-0.324945213,
"FIN","GFCF","TOT","QGRWTH","Q","2018-Q3",0.439727066,
"FIN","GFCF","TOT","QGRWTH","Q","2018-Q4",1.38134058,
"FIN","GFCF","TOT","QGRWTH","Q","2019-Q1",-2.628248083,
"FIN","GFCF","TOT","QGRWTH","Q","2019-Q2",0.443492889,
"FIN","GFCF","TOT","QGRWTH","Q","2019-Q3",-0.639464068,
"FIN","GFCF","TOT","QGRWTH","Q","2019-Q4",-0.015323322,
"FIN","GFCF","TOT","QGRWTH","Q","2020-Q1",-0.383141762,
"FIN","GFCF","TOT","QGRWTH","Q","2020-Q2",-0.707692308,
"FIN","GFCF","TOT","QGRWTH","Q","2020-Q3",1.038115897,
"FIN","GFCF","TOT","QGRWTH","Q","2020-Q4",-1.104125134,
"FIN","GFCF","TOT","QGRWTH","Q","2021-Q1",-0.10854396,
"FIN","GFCF","TOT","QGRWTH","Q","2021-Q2",2.926109904,
"FIN","GFCF","TOT","QGRWTH","Q","2021-Q3",-1.839981902,
"FIN","GFCF","TOT","QGRWTH","Q","2021-Q4",3.28800799,
"FIN","GFCF","TOT","QGRWTH","Q","2022-Q1",2.521383414,
"FIN","GFCF","TOT","QGRWTH","Q","2022-Q2",-1.799187464,
"FRA","GFCF","TOT","QGRWTH","Q","2017-Q1",2.459491449,
"FRA","GFCF","TOT","QGRWTH","Q","2017-Q2",1.047897513,
"FRA","GFCF","TOT","QGRWTH","Q","2017-Q3",1.231774305,
"FRA","GFCF","TOT","QGRWTH","Q","2017-Q4",0.9413874,
"FRA","GFCF","TOT","QGRWTH","Q","2018-Q1",0.140890387,
"FRA","GFCF","TOT","QGRWTH","Q","2018-Q2",1.219460516,
"FRA","GFCF","TOT","QGRWTH","Q","2018-Q3",0.654032592,
"FRA","GFCF","TOT","QGRWTH","Q","2018-Q4",0.931113343,
"FRA","GFCF","TOT","QGRWTH","Q","2019-Q1",1.133747939,
"FRA","GFCF","TOT","QGRWTH","Q","2019-Q2",1.665961588,
"FRA","GFCF","TOT","QGRWTH","Q","2019-Q3",0.612148079,
"FRA","GFCF","TOT","QGRWTH","Q","2019-Q4",0.243152156,
"FRA","GFCF","TOT","QGRWTH","Q","2020-Q1",-9.367661531,
"FRA","GFCF","TOT","QGRWTH","Q","2020-Q2",-14.385232571,
"FRA","GFCF","TOT","QGRWTH","Q","2020-Q3",23.934294946,
"FRA","GFCF","TOT","QGRWTH","Q","2020-Q4",2.500980526,
"FRA","GFCF","TOT","QGRWTH","Q","2021-Q1",0.959094094,
"FRA","GFCF","TOT","QGRWTH","Q","2021-Q2",2.026881814,
"FRA","GFCF","TOT","QGRWTH","Q","2021-Q3",0.147594228,
"FRA","GFCF","TOT","QGRWTH","Q","2021-Q4",-0.100193423,
"FRA","GFCF","TOT","QGRWTH","Q","2022-Q1",0.557520336,
"FRA","GFCF","TOT","QGRWTH","Q","2022-Q2",0.395202397,
"FRA","GFCF","TOT","QGRWTH","Q","2022-Q3",1.267180209,
"DEU","GFCF","TOT","QGRWTH","Q","2017-Q1",0.60434174,
"DEU","GFCF","TOT","QGRWTH","Q","2017-Q2",2.192225875,
"DEU","GFCF","TOT","QGRWTH","Q","2017-Q3",0.946132138,
"DEU","GFCF","TOT","QGRWTH","Q","2017-Q4",0.426873674,
"DEU","GFCF","TOT","QGRWTH","Q","2018-Q1",0.214802208,
"DEU","GFCF","TOT","QGRWTH","Q","2018-Q2",1.410791277,
"DEU","GFCF","TOT","QGRWTH","Q","2018-Q3",1.236576965,
"DEU","GFCF","TOT","QGRWTH","Q","2018-Q4",0.682603106,
"DEU","GFCF","TOT","QGRWTH","Q","2019-Q1",0.343407795,"P"
"DEU","GFCF","TOT","QGRWTH","Q","2019-Q2",0.10667217,"P"
"DEU","GFCF","TOT","QGRWTH","Q","2019-Q3",0.479530847,"P"
"DEU","GFCF","TOT","QGRWTH","Q","2019-Q4",-0.627482683,"P"
"DEU","GFCF","TOT","QGRWTH","Q","2020-Q1",-0.775898633,"P"
"DEU","GFCF","TOT","QGRWTH","Q","2020-Q2",-6.812482764,"P"
"DEU","GFCF","TOT","QGRWTH","Q","2020-Q3",5.19431174,"P"
"DEU","GFCF","TOT","QGRWTH","Q","2020-Q4",2.514622549,"P"
"DEU","GFCF","TOT","QGRWTH","Q","2021-Q1",-1.453967691,"P"
"DEU","GFCF","TOT","QGRWTH","Q","2021-Q2",1.493478915,"P"
"DEU","GFCF","TOT","QGRWTH","Q","2021-Q3",-2.345490576,"P"
"DEU","GFCF","TOT","QGRWTH","Q","2021-Q4",-0.045660333,"P"
"DEU","GFCF","TOT","QGRWTH","Q","2022-Q1",2.074003288,"P"
"DEU","GFCF","TOT","QGRWTH","Q","2022-Q2",-1.333684676,"P"
"GRC","GFCF","TOT","QGRWTH","Q","2017-Q1",-14.57121781,
"GRC","GFCF","TOT","QGRWTH","Q","2017-Q2",-1.624315066,
"GRC","GFCF","TOT","QGRWTH","Q","2017-Q3",45.307190011,
"GRC","GFCF","TOT","QGRWTH","Q","2017-Q4",-14.079757788,
"GRC","GFCF","TOT","QGRWTH","Q","2018-Q1",-9.426733829,
"GRC","GFCF","TOT","QGRWTH","Q","2018-Q2",17.279850082,
"GRC","GFCF","TOT","QGRWTH","Q","2018-Q3",-24.513654403,
"GRC","GFCF","TOT","QGRWTH","Q","2018-Q4",7.06409142,
"GRC","GFCF","TOT","QGRWTH","Q","2019-Q1",3.481857294,"P"
"GRC","GFCF","TOT","QGRWTH","Q","2019-Q2",-1.322813061,"P"
"GRC","GFCF","TOT","QGRWTH","Q","2019-Q3",-0.671728931,"P"
"GRC","GFCF","TOT","QGRWTH","Q","2019-Q4",-0.308745596,"P"
"GRC","GFCF","TOT","QGRWTH","Q","2020-Q1",0.229938315,"P"
"GRC","GFCF","TOT","QGRWTH","Q","2020-Q2",-1.486291799,"P"
"GRC","GFCF","TOT","QGRWTH","Q","2020-Q3",4.030079645,"P"
"GRC","GFCF","TOT","QGRWTH","Q","2020-Q4",-2.196567849,"P"
"GRC","GFCF","TOT","QGRWTH","Q","2021-Q1",13.97471662,"P"
"GRC","GFCF","TOT","QGRWTH","Q","2021-Q2",2.961716308,"P"
"GRC","GFCF","TOT","QGRWTH","Q","2021-Q3",4.022033779,"P"
"GRC","GFCF","TOT","QGRWTH","Q","2021-Q4",1.739665976,"P"
"GRC","GFCF","TOT","QGRWTH","Q","2022-Q1",3.734497333,"P"
"GRC","GFCF","TOT","QGRWTH","Q","2022-Q2",-0.951800494,"P"
"HUN","GFCF","TOT","QGRWTH","Q","2017-Q1",8.692856241,
"HUN","GFCF","TOT","QGRWTH","Q","2017-Q2",3.66481479,
"HUN","GFCF","TOT","QGRWTH","Q","2017-Q3",1.992711686,
"HUN","GFCF","TOT","QGRWTH","Q","2017-Q4",2.089530933,
"HUN","GFCF","TOT","QGRWTH","Q","2018-Q1",3.855170787,
"HUN","GFCF","TOT","QGRWTH","Q","2018-Q2",7.00990195,
"HUN","GFCF","TOT","QGRWTH","Q","2018-Q3",4.100113821,
"HUN","GFCF","TOT","QGRWTH","Q","2018-Q4",2.722049012,
"HUN","GFCF","TOT","QGRWTH","Q","2019-Q1",6.233523075,
"HUN","GFCF","TOT","QGRWTH","Q","2019-Q2",1.256756423,
"HUN","GFCF","TOT","QGRWTH","Q","2019-Q3",2.07863536,
"HUN","GFCF","TOT","QGRWTH","Q","2019-Q4",-6.198609673,
"HUN","GFCF","TOT","QGRWTH","Q","2020-Q1",-1.289569138,
"HUN","GFCF","TOT","QGRWTH","Q","2020-Q2",-5.400795183,
"HUN","GFCF","TOT","QGRWTH","Q","2020-Q3",-0.755519907,
"HUN","GFCF","TOT","QGRWTH","Q","2020-Q4",7.786926165,
"HUN","GFCF","TOT","QGRWTH","Q","2021-Q1",-3.337154158,
"HUN","GFCF","TOT","QGRWTH","Q","2021-Q2",5.410052378,
"HUN","GFCF","TOT","QGRWTH","Q","2021-Q3",1.949205869,
"HUN","GFCF","TOT","QGRWTH","Q","2021-Q4",-1.323076539,
"HUN","GFCF","TOT","QGRWTH","Q","2022-Q1",4.35290307,
"HUN","GFCF","TOT","QGRWTH","Q","2022-Q2",0.98236546,
"ISL","GFCF","TOT","QGRWTH","Q","2017-Q1",-7.892710981,
"ISL","GFCF","TOT","QGRWTH","Q","2017-Q2",17.784040346,
"ISL","GFCF","TOT","QGRWTH","Q","2017-Q3",-0.67716773,
"ISL","GFCF","TOT","QGRWTH","Q","2017-Q4",-3.083299701,
"ISL","GFCF","TOT","QGRWTH","Q","2018-Q1",-0.273768539,
"ISL","GFCF","TOT","QGRWTH","Q","2018-Q2",10.890980612,
"ISL","GFCF","TOT","QGRWTH","Q","2018-Q3",-12.985362273,
"ISL","GFCF","TOT","QGRWTH","Q","2018-Q4",4.931452645,
"ISL","GFCF","TOT","QGRWTH","Q","2019-Q1",-7.234106326,
"ISL","GFCF","TOT","QGRWTH","Q","2019-Q2",8.798448219,
"ISL","GFCF","TOT","QGRWTH","Q","2019-Q3",0.869021639,
"ISL","GFCF","TOT","QGRWTH","Q","2019-Q4",-3.24891441,
"ISL","GFCF","TOT","QGRWTH","Q","2020-Q1",-10.445777096,
"ISL","GFCF","TOT","QGRWTH","Q","2020-Q2",0.392418659,
"ISL","GFCF","TOT","QGRWTH","Q","2020-Q3",-1.778726184,
"ISL","GFCF","TOT","QGRWTH","Q","2020-Q4",5.279786401,
"ISL","GFCF","TOT","QGRWTH","Q","2021-Q1",-5.496186399,
"ISL","GFCF","TOT","QGRWTH","Q","2021-Q2",25.548678195,
"ISL","GFCF","TOT","QGRWTH","Q","2021-Q3",-8.729194211,
"ISL","GFCF","TOT","QGRWTH","Q","2021-Q4",5.537641032,
"ISL","GFCF","TOT","QGRWTH","Q","2022-Q1",-1.303236644,
"ISL","GFCF","TOT","QGRWTH","Q","2022-Q2",-0.504505675,
"IRL","GFCF","TOT","QGRWTH","Q","2017-Q1",-45.728990776,
"IRL","GFCF","TOT","QGRWTH","Q","2017-Q2",225.218796745,
"IRL","GFCF","TOT","QGRWTH","Q","2017-Q3",-71.683267545,
"IRL","GFCF","TOT","QGRWTH","Q","2017-Q4",-0.535130594,
"IRL","GFCF","TOT","QGRWTH","Q","2018-Q1",7.952074776,
"IRL","GFCF","TOT","QGRWTH","Q","2018-Q2",7.641240271,
"IRL","GFCF","TOT","QGRWTH","Q","2018-Q3",12.805888727,
"IRL","GFCF","TOT","QGRWTH","Q","2018-Q4",98.232714996,
"IRL","GFCF","TOT","QGRWTH","Q","2019-Q1",-53.017839863,
"IRL","GFCF","TOT","QGRWTH","Q","2019-Q2",220.068754771,
"IRL","GFCF","TOT","QGRWTH","Q","2019-Q3",-63.480134394,
"IRL","GFCF","TOT","QGRWTH","Q","2019-Q4",297.289625118,
"IRL","GFCF","TOT","QGRWTH","Q","2020-Q1",-11.695963879,
"IRL","GFCF","TOT","QGRWTH","Q","2020-Q2",-77.390741351,
"IRL","GFCF","TOT","QGRWTH","Q","2020-Q3",43.342027877,
"IRL","GFCF","TOT","QGRWTH","Q","2020-Q4",46.980450236,
"IRL","GFCF","TOT","QGRWTH","Q","2021-Q1",-50.654079126,
"IRL","GFCF","TOT","QGRWTH","Q","2021-Q2",5.792458079,
"IRL","GFCF","TOT","QGRWTH","Q","2021-Q3",2.077773718,
"IRL","GFCF","TOT","QGRWTH","Q","2021-Q4",95.873464619,
"IRL","GFCF","TOT","QGRWTH","Q","2022-Q1",-45.316142964,
"IRL","GFCF","TOT","QGRWTH","Q","2022-Q2",17.859481889,
"ITA","GFCF","TOT","QGRWTH","Q","2017-Q1",-0.402339806,
"ITA","GFCF","TOT","QGRWTH","Q","2017-Q2",1.27626417,
"ITA","GFCF","TOT","QGRWTH","Q","2017-Q3",1.652766497,
"ITA","GFCF","TOT","QGRWTH","Q","2017-Q4",1.616285269,
"ITA","GFCF","TOT","QGRWTH","Q","2018-Q1",-0.274358018,
"ITA","GFCF","TOT","QGRWTH","Q","2018-Q2",1.374914596,
"ITA","GFCF","TOT","QGRWTH","Q","2018-Q3",-0.510730334,
"ITA","GFCF","TOT","QGRWTH","Q","2018-Q4",-0.081652103,
"ITA","GFCF","TOT","QGRWTH","Q","2019-Q1",0.659421962,
"ITA","GFCF","TOT","QGRWTH","Q","2019-Q2",1.043220603,
"ITA","GFCF","TOT","QGRWTH","Q","2019-Q3",0.029400806,
"ITA","GFCF","TOT","QGRWTH","Q","2019-Q4",-1.075094448,
"ITA","GFCF","TOT","QGRWTH","Q","2020-Q1",-8.261999898,
"ITA","GFCF","TOT","QGRWTH","Q","2020-Q2",-14.979611267,
"ITA","GFCF","TOT","QGRWTH","Q","2020-Q3",27.718447877,
"ITA","GFCF","TOT","QGRWTH","Q","2020-Q4",0.218426506,
"ITA","GFCF","TOT","QGRWTH","Q","2021-Q1",3.396768586,
"ITA","GFCF","TOT","QGRWTH","Q","2021-Q2",2.76682539,
"ITA","GFCF","TOT","QGRWTH","Q","2021-Q3",2.733501144,
"ITA","GFCF","TOT","QGRWTH","Q","2021-Q4",2.682391707,
"ITA","GFCF","TOT","QGRWTH","Q","2022-Q1",3.872700659,
"ITA","GFCF","TOT","QGRWTH","Q","2022-Q2",1.129104407,
"JPN","GFCF","TOT","QGRWTH","Q","2017-Q1",0.282261866,
"JPN","GFCF","TOT","QGRWTH","Q","2017-Q2",0.89490888,
"JPN","GFCF","TOT","QGRWTH","Q","2017-Q3",0.001878105,
"JPN","GFCF","TOT","QGRWTH","Q","2017-Q4",-0.020947703,
"JPN","GFCF","TOT","QGRWTH","Q","2018-Q1",0.509930569,
"JPN","GFCF","TOT","QGRWTH","Q","2018-Q2",0.76331543,
"JPN","GFCF","TOT","QGRWTH","Q","2018-Q3",-2.035615967,
"JPN","GFCF","TOT","QGRWTH","Q","2018-Q4",1.304931651,
"JPN","GFCF","TOT","QGRWTH","Q","2019-Q1",0.868188836,
"JPN","GFCF","TOT","QGRWTH","Q","2019-Q2",0.162123642,
"JPN","GFCF","TOT","QGRWTH","Q","2019-Q3",1.30228918,
"JPN","GFCF","TOT","QGRWTH","Q","2019-Q4",-5.024620232,
"JPN","GFCF","TOT","QGRWTH","Q","2020-Q1",1.231839099,
"JPN","GFCF","TOT","QGRWTH","Q","2020-Q2",-3.829737499,
"JPN","GFCF","TOT","QGRWTH","Q","2020-Q3",-0.982971748,
"JPN","GFCF","TOT","QGRWTH","Q","2020-Q4",1.033157228,
"JPN","GFCF","TOT","QGRWTH","Q","2021-Q1",0.620859576,
"JPN","GFCF","TOT","QGRWTH","Q","2021-Q2",0.282141407,
"JPN","GFCF","TOT","QGRWTH","Q","2021-Q3",-2.287426042,
"JPN","GFCF","TOT","QGRWTH","Q","2021-Q4",-0.912932921,
"JPN","GFCF","TOT","QGRWTH","Q","2022-Q1",-0.987326563,
"JPN","GFCF","TOT","QGRWTH","Q","2022-Q2",1.21498929,
"KOR","GFCF","TOT","QGRWTH","Q","2017-Q1",3.977666172,
"KOR","GFCF","TOT","QGRWTH","Q","2017-Q2",2.378133447,
"KOR","GFCF","TOT","QGRWTH","Q","2017-Q3",1.395109888,
"KOR","GFCF","TOT","QGRWTH","Q","2017-Q4",-1.655248469,
"KOR","GFCF","TOT","QGRWTH","Q","2018-Q1",1.820400251,
"KOR","GFCF","TOT","QGRWTH","Q","2018-Q2",-3.864925131,
"KOR","GFCF","TOT","QGRWTH","Q","2018-Q3",-2.720810886,
"KOR","GFCF","TOT","QGRWTH","Q","2018-Q4",1.016508468,
"KOR","GFCF","TOT","QGRWTH","Q","2019-Q1",-2.44355792,
"KOR","GFCF","TOT","QGRWTH","Q","2019-Q2",2.14104401,
"KOR","GFCF","TOT","QGRWTH","Q","2019-Q3",-0.860767039,
"KOR","GFCF","TOT","QGRWTH","Q","2019-Q4",3.203740389,
"KOR","GFCF","TOT","QGRWTH","Q","2020-Q1",0.763390861,
"KOR","GFCF","TOT","QGRWTH","Q","2020-Q2",-0.568331365,
"KOR","GFCF","TOT","QGRWTH","Q","2020-Q3",0.749642537,
"KOR","GFCF","TOT","QGRWTH","Q","2020-Q4",1.29193754,
"KOR","GFCF","TOT","QGRWTH","Q","2021-Q1",2.220944975,"P"
"KOR","GFCF","TOT","QGRWTH","Q","2021-Q2",-0.1255582,"P"
"KOR","GFCF","TOT","QGRWTH","Q","2021-Q3",-1.692828007,"P"
"KOR","GFCF","TOT","QGRWTH","Q","2021-Q4",1.144289989,"P"
"KOR","GFCF","TOT","QGRWTH","Q","2022-Q1",-2.646109552,"P"
"KOR","GFCF","TOT","QGRWTH","Q","2022-Q2",0.258235237,"P"
"KOR","GFCF","TOT","QGRWTH","Q","2022-Q3",2.349245315,"P"
"LUX","GFCF","TOT","QGRWTH","Q","2017-Q1",8.175380158,
"LUX","GFCF","TOT","QGRWTH","Q","2017-Q2",3.38659647,
"LUX","GFCF","TOT","QGRWTH","Q","2017-Q3",-14.025801482,
"LUX","GFCF","TOT","QGRWTH","Q","2017-Q4",-4.655933466,
"LUX","GFCF","TOT","QGRWTH","Q","2018-Q1",5.281439204,
"LUX","GFCF","TOT","QGRWTH","Q","2018-Q2",-2.364810717,
"LUX","GFCF","TOT","QGRWTH","Q","2018-Q3",-5.514030248,
"LUX","GFCF","TOT","QGRWTH","Q","2018-Q4",8.708601651,
"LUX","GFCF","TOT","QGRWTH","Q","2019-Q1",2.246829532,
"LUX","GFCF","TOT","QGRWTH","Q","2019-Q2",3.961227328,
"LUX","GFCF","TOT","QGRWTH","Q","2019-Q3",2.683310403,
"LUX","GFCF","TOT","QGRWTH","Q","2019-Q4",-1.576737699,
"LUX","GFCF","TOT","QGRWTH","Q","2020-Q1",-9.91651516,
"LUX","GFCF","TOT","QGRWTH","Q","2020-Q2",-7.1361655,
"LUX","GFCF","TOT","QGRWTH","Q","2020-Q3",33.496096592,
"LUX","GFCF","TOT","QGRWTH","Q","2020-Q4",-12.536136781,
"LUX","GFCF","TOT","QGRWTH","Q","2021-Q1",0.933791552,
"LUX","GFCF","TOT","QGRWTH","Q","2021-Q2",4.365823287,
"LUX","GFCF","TOT","QGRWTH","Q","2021-Q3",-5.358292983,
"LUX","GFCF","TOT","QGRWTH","Q","2021-Q4",10.530964778,
"LUX","GFCF","TOT","QGRWTH","Q","2022-Q1",-2.363737995,"P"
"LUX","GFCF","TOT","QGRWTH","Q","2022-Q2",-5.411564851,"P"
"MEX","GFCF","TOT","QGRWTH","Q","2017-Q1",-2.708658623,
"MEX","GFCF","TOT","QGRWTH","Q","2017-Q2",-0.069796393,
"MEX","GFCF","TOT","QGRWTH","Q","2017-Q3",1.030839528,
"MEX","GFCF","TOT","QGRWTH","Q","2017-Q4",-0.067843372,
"MEX","GFCF","TOT","QGRWTH","Q","2018-Q1",1.937124513,"P"
"MEX","GFCF","TOT","QGRWTH","Q","2018-Q2",-0.323550782,"P"
"MEX","GFCF","TOT","QGRWTH","Q","2018-Q3",-0.883124785,"P"
"MEX","GFCF","TOT","QGRWTH","Q","2018-Q4",-3.544266875,"P"
"MEX","GFCF","TOT","QGRWTH","Q","2019-Q1",1.937777166,"P"
"MEX","GFCF","TOT","QGRWTH","Q","2019-Q2",-3.276528142,"P"
"MEX","GFCF","TOT","QGRWTH","Q","2019-Q3",-1.396601044,"P"
"MEX","GFCF","TOT","QGRWTH","Q","2019-Q4",-1.356995611,"P"
"MEX","GFCF","TOT","QGRWTH","Q","2020-Q1",-2.853436285,"P"
"MEX","GFCF","TOT","QGRWTH","Q","2020-Q2",-28.264911395,"P"
"MEX","GFCF","TOT","QGRWTH","Q","2020-Q3",19.073642526,"P"
"MEX","GFCF","TOT","QGRWTH","Q","2020-Q4",5.504201621,"P"
"MEX","GFCF","TOT","QGRWTH","Q","2021-Q1",3.930845405,"P"
"MEX","GFCF","TOT","QGRWTH","Q","2021-Q2",0.830822105,"P"
"MEX","GFCF","TOT","QGRWTH","Q","2021-Q3",1.676944721,"P"
"MEX","GFCF","TOT","QGRWTH","Q","2021-Q4",0.256719884,"P"
"MEX","GFCF","TOT","QGRWTH","Q","2022-Q1",2.499102169,"P"
"MEX","GFCF","TOT","QGRWTH","Q","2022-Q2",2.32938938,"P"
"NLD","GFCF","TOT","QGRWTH","Q","2017-Q1",-0.004892449,
"NLD","GFCF","TOT","QGRWTH","Q","2017-Q2",1.107732624,
"NLD","GFCF","TOT","QGRWTH","Q","2017-Q3",4.570197158,
"NLD","GFCF","TOT","QGRWTH","Q","2017-Q4",-0.06542096,
"NLD","GFCF","TOT","QGRWTH","Q","2018-Q1",0.815095589,
"NLD","GFCF","TOT","QGRWTH","Q","2018-Q2",0.652074748,
"NLD","GFCF","TOT","QGRWTH","Q","2018-Q3",-2.425344505,
"NLD","GFCF","TOT","QGRWTH","Q","2018-Q4",4.087947745,
"NLD","GFCF","TOT","QGRWTH","Q","2019-Q1",1.823896837,
"NLD","GFCF","TOT","QGRWTH","Q","2019-Q2",1.829024602,
"NLD","GFCF","TOT","QGRWTH","Q","2019-Q3",1.950145351,
"NLD","GFCF","TOT","QGRWTH","Q","2019-Q4",-0.485825084,
"NLD","GFCF","TOT","QGRWTH","Q","2020-Q1",0.173927151,"P"
"NLD","GFCF","TOT","QGRWTH","Q","2020-Q2",-9.598772232,"P"
"NLD","GFCF","TOT","QGRWTH","Q","2020-Q3",6.530627489,"P"
"NLD","GFCF","TOT","QGRWTH","Q","2020-Q4",1.728992166,"P"
"NLD","GFCF","TOT","QGRWTH","Q","2021-Q1",1.67306997,"P"
"NLD","GFCF","TOT","QGRWTH","Q","2021-Q2",-0.369379747,"P"
"NLD","GFCF","TOT","QGRWTH","Q","2021-Q3",-0.792074122,"P"
"NLD","GFCF","TOT","QGRWTH","Q","2021-Q4",1.217617621,"P"
"NLD","GFCF","TOT","QGRWTH","Q","2022-Q1",-0.260608466,"P"
"NLD","GFCF","TOT","QGRWTH","Q","2022-Q2",5.423195381,"P"
"NZL","GFCF","TOT","QGRWTH","Q","2017-Q1",0.707613926,
"NZL","GFCF","TOT","QGRWTH","Q","2017-Q2",2.747329961,
"NZL","GFCF","TOT","QGRWTH","Q","2017-Q3",2.721739725,
"NZL","GFCF","TOT","QGRWTH","Q","2017-Q4",3.428533387,
"NZL","GFCF","TOT","QGRWTH","Q","2018-Q1",1.306642636,
"NZL","GFCF","TOT","QGRWTH","Q","2018-Q2",1.531228159,
"NZL","GFCF","TOT","QGRWTH","Q","2018-Q3",-1.733416771,
"NZL","GFCF","TOT","QGRWTH","Q","2018-Q4",1.713048462,
"NZL","GFCF","TOT","QGRWTH","Q","2019-Q1",2.91760581,
"NZL","GFCF","TOT","QGRWTH","Q","2019-Q2",0.936853632,
"NZL","GFCF","TOT","QGRWTH","Q","2019-Q3",-0.168756027,
"NZL","GFCF","TOT","QGRWTH","Q","2019-Q4",0.114706593,
"NZL","GFCF","TOT","QGRWTH","Q","2020-Q1",-3.648314539,
"NZL","GFCF","TOT","QGRWTH","Q","2020-Q2",-18.26261109,
"NZL","GFCF","TOT","QGRWTH","Q","2020-Q3",24.908116386,
"NZL","GFCF","TOT","QGRWTH","Q","2020-Q4",-0.919512046,
"NZL","GFCF","TOT","QGRWTH","Q","2021-Q1",5.735321413,
"NZL","GFCF","TOT","QGRWTH","Q","2021-Q2",-2.141603277,
"NZL","GFCF","TOT","QGRWTH","Q","2021-Q3",-6.266443435,
"NZL","GFCF","TOT","QGRWTH","Q","2021-Q4",12.273539168,
"NZL","GFCF","TOT","QGRWTH","Q","2022-Q1",-0.147727273,
"NZL","GFCF","TOT","QGRWTH","Q","2022-Q2",-3.328781154,
"NOR","GFCF","TOT","QGRWTH","Q","2017-Q1",2.89547754,
"NOR","GFCF","TOT","QGRWTH","Q","2017-Q2",-1.381123566,
"NOR","GFCF","TOT","QGRWTH","Q","2017-Q3",-1.52134902,
"NOR","GFCF","TOT","QGRWTH","Q","2017-Q4",2.414098258,
"NOR","GFCF","TOT","QGRWTH","Q","2018-Q1",-2.42037388,
"NOR","GFCF","TOT","QGRWTH","Q","2018-Q2",4.807994439,
"NOR","GFCF","TOT","QGRWTH","Q","2018-Q3",-0.117195485,
"NOR","GFCF","TOT","QGRWTH","Q","2018-Q4",1.913710224,
"NOR","GFCF","TOT","QGRWTH","Q","2019-Q1",1.497579152,
"NOR","GFCF","TOT","QGRWTH","Q","2019-Q2",5.036249566,
"NOR","GFCF","TOT","QGRWTH","Q","2019-Q3",1.894468954,
"NOR","GFCF","TOT","QGRWTH","Q","2019-Q4",1.664530547,
"NOR","GFCF","TOT","QGRWTH","Q","2020-Q1",-6.838825944,
"NOR","GFCF","TOT","QGRWTH","Q","2020-Q2",-2.220255987,
"NOR","GFCF","TOT","QGRWTH","Q","2020-Q3",-1.472232079,
"NOR","GFCF","TOT","QGRWTH","Q","2020-Q4",1.369974023,
"NOR","GFCF","TOT","QGRWTH","Q","2021-Q1",-0.983283296,
"NOR","GFCF","TOT","QGRWTH","Q","2021-Q2",0.446288405,
"NOR","GFCF","TOT","QGRWTH","Q","2021-Q3",-1.547701445,
"NOR","GFCF","TOT","QGRWTH","Q","2021-Q4",3.289202146,
"NOR","GFCF","TOT","QGRWTH","Q","2022-Q1",-0.39212931,
"NOR","GFCF","TOT","QGRWTH","Q","2022-Q2",-1.061109691,
"POL","GFCF","TOT","QGRWTH","Q","2017-Q1",-0.505231294,
"POL","GFCF","TOT","QGRWTH","Q","2017-Q2",2.998005515,
"POL","GFCF","TOT","QGRWTH","Q","2017-Q3",0.695802212,
"POL","GFCF","TOT","QGRWTH","Q","2017-Q4",3.354046088,
"POL","GFCF","TOT","QGRWTH","Q","2018-Q1",2.724851188,
"POL","GFCF","TOT","QGRWTH","Q","2018-Q2",1.113964244,
"POL","GFCF","TOT","QGRWTH","Q","2018-Q3",4.58861137,
"POL","GFCF","TOT","QGRWTH","Q","2018-Q4",0.217410462,
"POL","GFCF","TOT","QGRWTH","Q","2019-Q1",2.217700221,
"POL","GFCF","TOT","QGRWTH","Q","2019-Q2",1.066929536,
"POL","GFCF","TOT","QGRWTH","Q","2019-Q3",-0.133685689,
"POL","GFCF","TOT","QGRWTH","Q","2019-Q4",4.070488009,
"POL","GFCF","TOT","QGRWTH","Q","2020-Q1",1.16440402,
"POL","GFCF","TOT","QGRWTH","Q","2020-Q2",-10.878180493,
"POL","GFCF","TOT","QGRWTH","Q","2020-Q3",1.127985475,
"POL","GFCF","TOT","QGRWTH","Q","2020-Q4",-0.613023014,
"POL","GFCF","TOT","QGRWTH","Q","2021-Q1",11.842512384,
"POL","GFCF","TOT","QGRWTH","Q","2021-Q2",-8.311665594,
"POL","GFCF","TOT","QGRWTH","Q","2021-Q3",2.180429533,
"POL","GFCF","TOT","QGRWTH","Q","2021-Q4",1.253916905,
"POL","GFCF","TOT","QGRWTH","Q","2022-Q1",11.103305276,
"POL","GFCF","TOT","QGRWTH","Q","2022-Q2",-6.766604638,
"PRT","GFCF","TOT","QGRWTH","Q","2017-Q1",2.55699448,
"PRT","GFCF","TOT","QGRWTH","Q","2017-Q2",2.197671144,
"PRT","GFCF","TOT","QGRWTH","Q","2017-Q3",0.448057136,
"PRT","GFCF","TOT","QGRWTH","Q","2017-Q4",3.27935031,
"PRT","GFCF","TOT","QGRWTH","Q","2018-Q1",0.02160679,
"PRT","GFCF","TOT","QGRWTH","Q","2018-Q2",2.077195592,
"PRT","GFCF","TOT","QGRWTH","Q","2018-Q3",1.092026862,
"PRT","GFCF","TOT","QGRWTH","Q","2018-Q4",2.85636258,
"PRT","GFCF","TOT","QGRWTH","Q","2019-Q1",2.970820442,
"PRT","GFCF","TOT","QGRWTH","Q","2019-Q2",-0.942652958,
"PRT","GFCF","TOT","QGRWTH","Q","2019-Q3",-0.32384417,
"PRT","GFCF","TOT","QGRWTH","Q","2019-Q4",0.181179108,
"PRT","GFCF","TOT","QGRWTH","Q","2020-Q1",-0.287159381,"P"
"PRT","GFCF","TOT","QGRWTH","Q","2020-Q2",-8.946668407,"P"
"PRT","GFCF","TOT","QGRWTH","Q","2020-Q3",10.570671151,"P"
"PRT","GFCF","TOT","QGRWTH","Q","2020-Q4",1.039707442,"P"
"PRT","GFCF","TOT","QGRWTH","Q","2021-Q1",3.83076051,"P"
"PRT","GFCF","TOT","QGRWTH","Q","2021-Q2",0.93528723,"P"
"PRT","GFCF","TOT","QGRWTH","Q","2021-Q3",-1.223084854,"P"
"PRT","GFCF","TOT","QGRWTH","Q","2021-Q4",4.541273079,"P"
"PRT","GFCF","TOT","QGRWTH","Q","2022-Q1",1.15303095,"P"
"PRT","GFCF","TOT","QGRWTH","Q","2022-Q2",-3.681223426,"P"
"SVK","GFCF","TOT","QGRWTH","Q","2017-Q1",2.177488115,
"SVK","GFCF","TOT","QGRWTH","Q","2017-Q2",1.194162353,
"SVK","GFCF","TOT","QGRWTH","Q","2017-Q3",11.687584683,
"SVK","GFCF","TOT","QGRWTH","Q","2017-Q4",-9.712400194,
"SVK","GFCF","TOT","QGRWTH","Q","2018-Q1",5.864939777,
"SVK","GFCF","TOT","QGRWTH","Q","2018-Q2",-0.868417139,
"SVK","GFCF","TOT","QGRWTH","Q","2018-Q3",-3.8276215,
"SVK","GFCF","TOT","QGRWTH","Q","2018-Q4",6.569377354,
"SVK","GFCF","TOT","QGRWTH","Q","2019-Q1",3.419469863,
"SVK","GFCF","TOT","QGRWTH","Q","2019-Q2",-0.860410166,
"SVK","GFCF","TOT","QGRWTH","Q","2019-Q3",0.392042283,
"SVK","GFCF","TOT","QGRWTH","Q","2019-Q4",4.182618349,
"SVK","GFCF","TOT","QGRWTH","Q","2020-Q1",-10.186211516,
"SVK","GFCF","TOT","QGRWTH","Q","2020-Q2",-8.652340743,
"SVK","GFCF","TOT","QGRWTH","Q","2020-Q3",8.008200168,
"SVK","GFCF","TOT","QGRWTH","Q","2020-Q4",-3.444804983,
"SVK","GFCF","TOT","QGRWTH","Q","2021-Q1",-4.58442458,
"SVK","GFCF","TOT","QGRWTH","Q","2021-Q2",6.806801889,
"SVK","GFCF","TOT","QGRWTH","Q","2021-Q3",0.558397903,
"SVK","GFCF","TOT","QGRWTH","Q","2021-Q4",2.941634291,
"SVK","GFCF","TOT","QGRWTH","Q","2022-Q1",-3.116998704,
"SVK","GFCF","TOT","QGRWTH","Q","2022-Q2",0.487097629,
"ESP","GFCF","TOT","QGRWTH","Q","2017-Q1",2.697667043,
"ESP","GFCF","TOT","QGRWTH","Q","2017-Q2",0.737280939,
"ESP","GFCF","TOT","QGRWTH","Q","2017-Q3",2.703375867,
"ESP","GFCF","TOT","QGRWTH","Q","2017-Q4",1.910269564,
"ESP","GFCF","TOT","QGRWTH","Q","2018-Q1",0.076882242,
"ESP","GFCF","TOT","QGRWTH","Q","2018-Q2",3.868595782,
"ESP","GFCF","TOT","QGRWTH","Q","2018-Q3",0.385658437,
"ESP","GFCF","TOT","QGRWTH","Q","2018-Q4",0.354354881,
"ESP","GFCF","TOT","QGRWTH","Q","2019-Q1",2.588844023,
"ESP","GFCF","TOT","QGRWTH","Q","2019-Q2",0.086900218,
"ESP","GFCF","TOT","QGRWTH","Q","2019-Q3",1.225761419,
"ESP","GFCF","TOT","QGRWTH","Q","2019-Q4",-0.867824888,
"ESP","GFCF","TOT","QGRWTH","Q","2020-Q1",-3.289618784,"P"
"ESP","GFCF","TOT","QGRWTH","Q","2020-Q2",-19.24426356,"P"
"ESP","GFCF","TOT","QGRWTH","Q","2020-Q3",20.250249815,"P"
"ESP","GFCF","TOT","QGRWTH","Q","2020-Q4",-1.463256016,"P"
"ESP","GFCF","TOT","QGRWTH","Q","2021-Q1",-1.89564771,"P"
"ESP","GFCF","TOT","QGRWTH","Q","2021-Q2",1.089475258,"P"
"ESP","GFCF","TOT","QGRWTH","Q","2021-Q3",-0.776411868,"P"
"ESP","GFCF","TOT","QGRWTH","Q","2021-Q4",-0.108057755,"P"
"ESP","GFCF","TOT","QGRWTH","Q","2022-Q1",3.252699703,"P"
"ESP","GFCF","TOT","QGRWTH","Q","2022-Q2",2.467440978,"P"
"ESP","GFCF","TOT","QGRWTH","Q","2022-Q3",0.551765473,"P"
"SWE","GFCF","TOT","QGRWTH","Q","2017-Q1",2.533063821,
"SWE","GFCF","TOT","QGRWTH","Q","2017-Q2",2.49380941,
"SWE","GFCF","TOT","QGRWTH","Q","2017-Q3",2.544111229,
"SWE","GFCF","TOT","QGRWTH","Q","2017-Q4",-3.600037697,
"SWE","GFCF","TOT","QGRWTH","Q","2018-Q1",2.797233672,
"SWE","GFCF","TOT","QGRWTH","Q","2018-Q2",0.071785967,
"SWE","GFCF","TOT","QGRWTH","Q","2018-Q3",-1.757494566,
"SWE","GFCF","TOT","QGRWTH","Q","2018-Q4",1.542422068,
"SWE","GFCF","TOT","QGRWTH","Q","2019-Q1",-0.565435308,
"SWE","GFCF","TOT","QGRWTH","Q","2019-Q2",-2.973053994,
"SWE","GFCF","TOT","QGRWTH","Q","2019-Q3",2.579685494,
"SWE","GFCF","TOT","QGRWTH","Q","2019-Q4",3.9698558,
"SWE","GFCF","TOT","QGRWTH","Q","2020-Q1",0.618509902,
"SWE","GFCF","TOT","QGRWTH","Q","2020-Q2",-6.644543911,
"SWE","GFCF","TOT","QGRWTH","Q","2020-Q3",5.381499545,
"SWE","GFCF","TOT","QGRWTH","Q","2020-Q4",-0.051290097,
"SWE","GFCF","TOT","QGRWTH","Q","2021-Q1",2.57729158,
"SWE","GFCF","TOT","QGRWTH","Q","2021-Q2",2.299773995,
"SWE","GFCF","TOT","QGRWTH","Q","2021-Q3",1.035868493,
"SWE","GFCF","TOT","QGRWTH","Q","2021-Q4",0.836199435,
"SWE","GFCF","TOT","QGRWTH","Q","2022-Q1",1.236415384,
"SWE","GFCF","TOT","QGRWTH","Q","2022-Q2",3.301092183,
"CHE","GFCF","TOT","QGRWTH","Q","2017-Q1",1.419286631,
"CHE","GFCF","TOT","QGRWTH","Q","2017-Q2",1.37148996,
"CHE","GFCF","TOT","QGRWTH","Q","2017-Q3",0.913080552,
"CHE","GFCF","TOT","QGRWTH","Q","2017-Q4",0.702182025,
"CHE","GFCF","TOT","QGRWTH","Q","2018-Q1",1.390516211,
"CHE","GFCF","TOT","QGRWTH","Q","2018-Q2",-1.229131685,
"CHE","GFCF","TOT","QGRWTH","Q","2018-Q3",-1.867026457,
"CHE","GFCF","TOT","QGRWTH","Q","2018-Q4",-0.195811895,
"CHE","GFCF","TOT","QGRWTH","Q","2019-Q1",1.8745117,
"CHE","GFCF","TOT","QGRWTH","Q","2019-Q2",-0.478108812,
"CHE","GFCF","TOT","QGRWTH","Q","2019-Q3",0.027689653,
"CHE","GFCF","TOT","QGRWTH","Q","2019-Q4",3.036621235,
"CHE","GFCF","TOT","QGRWTH","Q","2020-Q1",-3.297140095,
"CHE","GFCF","TOT","QGRWTH","Q","2020-Q2",-7.683012655,
"CHE","GFCF","TOT","QGRWTH","Q","2020-Q3",8.22847429,
"CHE","GFCF","TOT","QGRWTH","Q","2020-Q4",0.089513629,
"CHE","GFCF","TOT","QGRWTH","Q","2021-Q1",0.296706796,
"CHE","GFCF","TOT","QGRWTH","Q","2021-Q2",1.495235281,
"CHE","GFCF","TOT","QGRWTH","Q","2021-Q3",0.035375656,
"CHE","GFCF","TOT","QGRWTH","Q","2021-Q4",2.677524626,
"CHE","GFCF","TOT","QGRWTH","Q","2022-Q1",-3.304719917,
"CHE","GFCF","TOT","QGRWTH","Q","2022-Q2",1.663914869,
"TUR","GFCF","TOT","QGRWTH","Q","2017-Q1",0.358724293,
"TUR","GFCF","TOT","QGRWTH","Q","2017-Q2",4.504902663,
"TUR","GFCF","TOT","QGRWTH","Q","2017-Q3",4.118616317,
"TUR","GFCF","TOT","QGRWTH","Q","2017-Q4",-1.153128632,
"TUR","GFCF","TOT","QGRWTH","Q","2018-Q1",3.495063874,
"TUR","GFCF","TOT","QGRWTH","Q","2018-Q2",2.211347964,
"TUR","GFCF","TOT","QGRWTH","Q","2018-Q3",-10.600092798,
"TUR","GFCF","TOT","QGRWTH","Q","2018-Q4",-8.532812439,
"TUR","GFCF","TOT","QGRWTH","Q","2019-Q1",1.853792319,
"TUR","GFCF","TOT","QGRWTH","Q","2019-Q2",-3.099718319,
"TUR","GFCF","TOT","QGRWTH","Q","2019-Q3",-4.869781951,
"TUR","GFCF","TOT","QGRWTH","Q","2019-Q4",7.269665954,
"TUR","GFCF","TOT","QGRWTH","Q","2020-Q1",1.811771289,
"TUR","GFCF","TOT","QGRWTH","Q","2020-Q2",-11.582987046,
"TUR","GFCF","TOT","QGRWTH","Q","2020-Q3",28.870525438,
"TUR","GFCF","TOT","QGRWTH","Q","2020-Q4",-2.394173121,
"TUR","GFCF","TOT","QGRWTH","Q","2021-Q1",0.414888211,
"TUR","GFCF","TOT","QGRWTH","Q","2021-Q2",-2.653374566,
"TUR","GFCF","TOT","QGRWTH","Q","2021-Q3",2.714505531,
"TUR","GFCF","TOT","QGRWTH","Q","2021-Q4",0.410193143,
"TUR","GFCF","TOT","QGRWTH","Q","2022-Q1",2.221430795,
"TUR","GFCF","TOT","QGRWTH","Q","2022-Q2",-1.331210727,
"GBR","GFCF","TOT","QGRWTH","Q","2017-Q1",2.007805815,
"GBR","GFCF","TOT","QGRWTH","Q","2017-Q2",1.642966752,
"GBR","GFCF","TOT","QGRWTH","Q","2017-Q3",-0.194250976,
"GBR","GFCF","TOT","QGRWTH","Q","2017-Q4",1.487449956,
"GBR","GFCF","TOT","QGRWTH","Q","2018-Q1",-1.708102307,
"GBR","GFCF","TOT","QGRWTH","Q","2018-Q2",-0.088961676,
"GBR","GFCF","TOT","QGRWTH","Q","2018-Q3",0.509961449,
"GBR","GFCF","TOT","QGRWTH","Q","2018-Q4",-0.456032617,
"GBR","GFCF","TOT","QGRWTH","Q","2019-Q1",2.239032382,
"GBR","GFCF","TOT","QGRWTH","Q","2019-Q2",-1.117749466,
"GBR","GFCF","TOT","QGRWTH","Q","2019-Q3",1.671568333,
"GBR","GFCF","TOT","QGRWTH","Q","2019-Q4",-0.955360745,
"GBR","GFCF","TOT","QGRWTH","Q","2020-Q1",-3.815588183,
"GBR","GFCF","TOT","QGRWTH","Q","2020-Q2",-18.603666408,
"GBR","GFCF","TOT","QGRWTH","Q","2020-Q3",15.729838096,
"GBR","GFCF","TOT","QGRWTH","Q","2020-Q4",3.231040796,
"GBR","GFCF","TOT","QGRWTH","Q","2021-Q1",-1.404052848,
"GBR","GFCF","TOT","QGRWTH","Q","2021-Q2",2.638042097,
"GBR","GFCF","TOT","QGRWTH","Q","2021-Q3",0.660138745,
"GBR","GFCF","TOT","QGRWTH","Q","2021-Q4",1.189632163,
"GBR","GFCF","TOT","QGRWTH","Q","2022-Q1",3.459965174,
"GBR","GFCF","TOT","QGRWTH","Q","2022-Q2",-1.416179502,
"USA","GFCF","TOT","QGRWTH","Q","2017-Q1",1.207648631,
"USA","GFCF","TOT","QGRWTH","Q","2017-Q2",0.987422853,
"USA","GFCF","TOT","QGRWTH","Q","2017-Q3",0.499030524,
"USA","GFCF","TOT","QGRWTH","Q","2017-Q4",2.230914741,
"USA","GFCF","TOT","QGRWTH","Q","2018-Q1",1.104949297,
"USA","GFCF","TOT","QGRWTH","Q","2018-Q2",1.500291122,
"USA","GFCF","TOT","QGRWTH","Q","2018-Q3",0.384058157,
"USA","GFCF","TOT","QGRWTH","Q","2018-Q4",-0.002803398,
"USA","GFCF","TOT","QGRWTH","Q","2019-Q1",0.73528694,
"USA","GFCF","TOT","QGRWTH","Q","2019-Q2",1.142824769,
"USA","GFCF","TOT","QGRWTH","Q","2019-Q3",1.01230688,
"USA","GFCF","TOT","QGRWTH","Q","2019-Q4",-0.202426737,
"USA","GFCF","TOT","QGRWTH","Q","2020-Q1",-0.184949241,
"USA","GFCF","TOT","QGRWTH","Q","2020-Q2",-6.706083626,
"USA","GFCF","TOT","QGRWTH","Q","2020-Q3",5.349200924,
"USA","GFCF","TOT","QGRWTH","Q","2020-Q4",3.497660997,
"USA","GFCF","TOT","QGRWTH","Q","2021-Q1",1.624298616,
"USA","GFCF","TOT","QGRWTH","Q","2021-Q2",0.876425783,
"USA","GFCF","TOT","QGRWTH","Q","2021-Q3",-0.216061408,
"USA","GFCF","TOT","QGRWTH","Q","2021-Q4",0.027054423,
"USA","GFCF","TOT","QGRWTH","Q","2022-Q1",0.740921802,
"USA","GFCF","TOT","QGRWTH","Q","2022-Q2",-1.304826292,
"USA","GFCF","TOT","QGRWTH","Q","2022-Q3",-0.972989858,
"ARG","GFCF","TOT","QGRWTH","Q","2017-Q1",3.890430973,
"ARG","GFCF","TOT","QGRWTH","Q","2017-Q2",5.659574335,
"ARG","GFCF","TOT","QGRWTH","Q","2017-Q3",5.229883422,
"ARG","GFCF","TOT","QGRWTH","Q","2017-Q4",4.382447551,
"ARG","GFCF","TOT","QGRWTH","Q","2018-Q1",-0.035991925,
"ARG","GFCF","TOT","QGRWTH","Q","2018-Q2",-7.674074614,
"ARG","GFCF","TOT","QGRWTH","Q","2018-Q3",-8.464512465,
"ARG","GFCF","TOT","QGRWTH","Q","2018-Q4",-11.415504752,
"ARG","GFCF","TOT","QGRWTH","Q","2019-Q1",0.025715325,
"ARG","GFCF","TOT","QGRWTH","Q","2019-Q2",2.009772183,
"ARG","GFCF","TOT","QGRWTH","Q","2019-Q3",-0.485466213,
"ARG","GFCF","TOT","QGRWTH","Q","2019-Q4",-10.137115303,
"ARG","GFCF","TOT","QGRWTH","Q","2020-Q1",-9.452285281,
"ARG","GFCF","TOT","QGRWTH","Q","2020-Q2",-23.547146308,
"ARG","GFCF","TOT","QGRWTH","Q","2020-Q3",46.756665606,
"ARG","GFCF","TOT","QGRWTH","Q","2020-Q4",13.47186956,
"ARG","GFCF","TOT","QGRWTH","Q","2021-Q1",8.113678604,
"ARG","GFCF","TOT","QGRWTH","Q","2021-Q2",-2.075652269,
"ARG","GFCF","TOT","QGRWTH","Q","2021-Q3",1.438280195,
"ARG","GFCF","TOT","QGRWTH","Q","2021-Q4",6.669150203,
"ARG","GFCF","TOT","QGRWTH","Q","2022-Q1",2.873668143,
"ARG","GFCF","TOT","QGRWTH","Q","2022-Q2",7.839153033,
"BRA","GFCF","TOT","QGRWTH","Q","2017-Q1",-0.12963224,
"BRA","GFCF","TOT","QGRWTH","Q","2017-Q2",-0.060126924,
"BRA","GFCF","TOT","QGRWTH","Q","2017-Q3",1.028551507,
"BRA","GFCF","TOT","QGRWTH","Q","2017-Q4",3.102023849,
"BRA","GFCF","TOT","QGRWTH","Q","2018-Q1",-0.021876335,
"BRA","GFCF","TOT","QGRWTH","Q","2018-Q2",-0.768116895,
"BRA","GFCF","TOT","QGRWTH","Q","2018-Q3",6.754325936,
"BRA","GFCF","TOT","QGRWTH","Q","2018-Q4",-1.664352433,
"BRA","GFCF","TOT","QGRWTH","Q","2019-Q1",-2.092188599,
"BRA","GFCF","TOT","QGRWTH","Q","2019-Q2",5.356902014,
"BRA","GFCF","TOT","QGRWTH","Q","2019-Q3",3.542043008,
"BRA","GFCF","TOT","QGRWTH","Q","2019-Q4",-5.508049638,
"BRA","GFCF","TOT","QGRWTH","Q","2020-Q1",3.875860986,
"BRA","GFCF","TOT","QGRWTH","Q","2020-Q2",-15.284488028,
"BRA","GFCF","TOT","QGRWTH","Q","2020-Q3",11.352740906,
"BRA","GFCF","TOT","QGRWTH","Q","2020-Q4",15.473620346,
"BRA","GFCF","TOT","QGRWTH","Q","2021-Q1",8.018537028,
"BRA","GFCF","TOT","QGRWTH","Q","2021-Q2",-4.302932709,
"BRA","GFCF","TOT","QGRWTH","Q","2021-Q3",-0.189054877,
"BRA","GFCF","TOT","QGRWTH","Q","2021-Q4",0.075582872,
"BRA","GFCF","TOT","QGRWTH","Q","2022-Q1",-3.044224693,
"BRA","GFCF","TOT","QGRWTH","Q","2022-Q2",4.838151291,
"CHL","GFCF","TOT","QGRWTH","Q","2017-Q1",-2.322901878,
"CHL","GFCF","TOT","QGRWTH","Q","2017-Q2",-1.517929131,
"CHL","GFCF","TOT","QGRWTH","Q","2017-Q3",1.7803321,
"CHL","GFCF","TOT","QGRWTH","Q","2017-Q4",3.950825334,
"CHL","GFCF","TOT","QGRWTH","Q","2018-Q1",1.993148062,
"CHL","GFCF","TOT","QGRWTH","Q","2018-Q2",-0.027528875,
"CHL","GFCF","TOT","QGRWTH","Q","2018-Q3",0.277062812,
"CHL","GFCF","TOT","QGRWTH","Q","2018-Q4",3.418864752,
"CHL","GFCF","TOT","QGRWTH","Q","2019-Q1",-0.242539789,
"CHL","GFCF","TOT","QGRWTH","Q","2019-Q2",1.274147667,
"CHL","GFCF","TOT","QGRWTH","Q","2019-Q3",1.869642015,
"CHL","GFCF","TOT","QGRWTH","Q","2019-Q4",1.246377452,
"CHL","GFCF","TOT","QGRWTH","Q","2020-Q1",-4.975623405,
"CHL","GFCF","TOT","QGRWTH","Q","2020-Q2",-16.166943408,
"CHL","GFCF","TOT","QGRWTH","Q","2020-Q3",7.235202414,
"CHL","GFCF","TOT","QGRWTH","Q","2020-Q4",9.244293763,
"CHL","GFCF","TOT","QGRWTH","Q","2021-Q1",4.498262168,
"CHL","GFCF","TOT","QGRWTH","Q","2021-Q2",-1.054199265,
"CHL","GFCF","TOT","QGRWTH","Q","2021-Q3",14.936270807,
"CHL","GFCF","TOT","QGRWTH","Q","2021-Q4",1.248062062,
"CHL","GFCF","TOT","QGRWTH","Q","2022-Q1",-7.045575822,
"CHL","GFCF","TOT","QGRWTH","Q","2022-Q2",-1.038358319,
"COL","GFCF","TOT","QGRWTH","Q","2017-Q1",-3.931493743,
"COL","GFCF","TOT","QGRWTH","Q","2017-Q2",0.82517001,
"COL","GFCF","TOT","QGRWTH","Q","2017-Q3",2.20581838,
"COL","GFCF","TOT","QGRWTH","Q","2017-Q4",2.058879701,
"COL","GFCF","TOT","QGRWTH","Q","2018-Q1",-6.704029831,
"COL","GFCF","TOT","QGRWTH","Q","2018-Q2",5.268176904,
"COL","GFCF","TOT","QGRWTH","Q","2018-Q3",1.400841956,
"COL","GFCF","TOT","QGRWTH","Q","2018-Q4",2.295698437,
"COL","GFCF","TOT","QGRWTH","Q","2019-Q1",-1.524862464,
"COL","GFCF","TOT","QGRWTH","Q","2019-Q2",1.623421591,
"COL","GFCF","TOT","QGRWTH","Q","2019-Q3",-0.798219811,
"COL","GFCF","TOT","QGRWTH","Q","2019-Q4",-2.750020991,
"COL","GFCF","TOT","QGRWTH","Q","2020-Q1",-9.68474195,
"COL","GFCF","TOT","QGRWTH","Q","2020-Q2",-30.766619236,
"COL","GFCF","TOT","QGRWTH","Q","2020-Q3",24.615737606,
"COL","GFCF","TOT","QGRWTH","Q","2020-Q4",5.971984123,
"COL","GFCF","TOT","QGRWTH","Q","2021-Q1",5.009315982,
"COL","GFCF","TOT","QGRWTH","Q","2021-Q2",-2.930573654,
"COL","GFCF","TOT","QGRWTH","Q","2021-Q3",3.019074036,
"COL","GFCF","TOT","QGRWTH","Q","2021-Q4",4.608305684,
"COL","GFCF","TOT","QGRWTH","Q","2022-Q1",3.757284654,
"COL","GFCF","TOT","QGRWTH","Q","2022-Q2",-0.290420408,
"EST","GFCF","TOT","QGRWTH","Q","2017-Q1",19.880443613,
"EST","GFCF","TOT","QGRWTH","Q","2017-Q2",-0.221807425,
"EST","GFCF","TOT","QGRWTH","Q","2017-Q3",-6.18850791,
"EST","GFCF","TOT","QGRWTH","Q","2017-Q4",-9.415597037,
"EST","GFCF","TOT","QGRWTH","Q","2018-Q1",21.94886728,
"EST","GFCF","TOT","QGRWTH","Q","2018-Q2",-2.681124239,
"EST","GFCF","TOT","QGRWTH","Q","2018-Q3",4.912844653,
"EST","GFCF","TOT","QGRWTH","Q","2018-Q4",-0.428950402,
"EST","GFCF","TOT","QGRWTH","Q","2019-Q1",-3.842576343,
"EST","GFCF","TOT","QGRWTH","Q","2019-Q2",7.371434619,
"EST","GFCF","TOT","QGRWTH","Q","2019-Q3",-4.973836047,
"EST","GFCF","TOT","QGRWTH","Q","2019-Q4",-13.674526971,
"EST","GFCF","TOT","QGRWTH","Q","2020-Q1",9.745934883,
"EST","GFCF","TOT","QGRWTH","Q","2020-Q2",-7.284435753,
"EST","GFCF","TOT","QGRWTH","Q","2020-Q3",34.538642939,
"EST","GFCF","TOT","QGRWTH","Q","2020-Q4",43.091542413,
"EST","GFCF","TOT","QGRWTH","Q","2021-Q1",-13.155305347,
"EST","GFCF","TOT","QGRWTH","Q","2021-Q2",-4.014794931,
"EST","GFCF","TOT","QGRWTH","Q","2021-Q3",-23.62923128,
"EST","GFCF","TOT","QGRWTH","Q","2021-Q4",-0.545814593,
"EST","GFCF","TOT","QGRWTH","Q","2022-Q1",-5.486455923,
"EST","GFCF","TOT","QGRWTH","Q","2022-Q2",6.615925599,
"IND","GFCF","TOT","QGRWTH","Q","2017-Q1",0.21942,
"IND","GFCF","TOT","QGRWTH","Q","2017-Q2",1.08867,
"IND","GFCF","TOT","QGRWTH","Q","2017-Q3",4.58712,
"IND","GFCF","TOT","QGRWTH","Q","2017-Q4",2.97275,
"IND","GFCF","TOT","QGRWTH","Q","2018-Q1",4.51284,
"IND","GFCF","TOT","QGRWTH","Q","2018-Q2",1.22198,
"IND","GFCF","TOT","QGRWTH","Q","2018-Q3",4.23347,
"IND","GFCF","TOT","QGRWTH","Q","2018-Q4",2.33082,
"IND","GFCF","TOT","QGRWTH","Q","2019-Q1",-2.71399,
"IND","GFCF","TOT","QGRWTH","Q","2019-Q2",4.22947,
"IND","GFCF","TOT","QGRWTH","Q","2019-Q3",-3.08692,
"IND","GFCF","TOT","QGRWTH","Q","2019-Q4",1.02091,
"IND","GFCF","TOT","QGRWTH","Q","2020-Q1",-3.44495,
"IND","GFCF","TOT","QGRWTH","Q","2020-Q2",-42.30321,
"IND","GFCF","TOT","QGRWTH","Q","2020-Q3",70.69872,
"IND","GFCF","TOT","QGRWTH","Q","2020-Q4",5.92071,
"IND","GFCF","TOT","QGRWTH","Q","2021-Q1",4.02717,
"IND","GFCF","TOT","QGRWTH","Q","2021-Q2",-13.94937,
"IND","GFCF","TOT","QGRWTH","Q","2021-Q3",20.53747,
"IND","GFCF","TOT","QGRWTH","Q","2021-Q4",-4.10488,
"IND","GFCF","TOT","QGRWTH","Q","2022-Q1",5.10422,
"IND","GFCF","TOT","QGRWTH","Q","2022-Q2",-1.07111,
"IDN","GFCF","TOT","QGRWTH","Q","2017-Q1",1.550133307,
"IDN","GFCF","TOT","QGRWTH","Q","2017-Q2",1.87017789,
"IDN","GFCF","TOT","QGRWTH","Q","2017-Q3",1.784933119,
"IDN","GFCF","TOT","QGRWTH","Q","2017-Q4",1.798495387,
"IDN","GFCF","TOT","QGRWTH","Q","2018-Q1",1.716568545,
"IDN","GFCF","TOT","QGRWTH","Q","2018-Q2",1.417090691,
"IDN","GFCF","TOT","QGRWTH","Q","2018-Q3",1.427423306,
"IDN","GFCF","TOT","QGRWTH","Q","2018-Q4",1.288817258,
"IDN","GFCF","TOT","QGRWTH","Q","2019-Q1",1.191610938,
"IDN","GFCF","TOT","QGRWTH","Q","2019-Q2",0.926087212,
"IDN","GFCF","TOT","QGRWTH","Q","2019-Q3",0.845986474,
"IDN","GFCF","TOT","QGRWTH","Q","2019-Q4",0.187666281,
"IDN","GFCF","TOT","QGRWTH","Q","2020-Q1",-0.769972013,
"IDN","GFCF","TOT","QGRWTH","Q","2020-Q2",-9.004560404,
"IDN","GFCF","TOT","QGRWTH","Q","2020-Q3",2.984433543,
"IDN","GFCF","TOT","QGRWTH","Q","2020-Q4",1.78834392,
"IDN","GFCF","TOT","QGRWTH","Q","2021-Q1",1.979481486,
"IDN","GFCF","TOT","QGRWTH","Q","2021-Q2",1.020540878,
"IDN","GFCF","TOT","QGRWTH","Q","2021-Q3",0.705330407,
"IDN","GFCF","TOT","QGRWTH","Q","2021-Q4",1.095407957,
"IDN","GFCF","TOT","QGRWTH","Q","2022-Q1",0.7725728,
"IDN","GFCF","TOT","QGRWTH","Q","2022-Q2",0.491842779,
"ISR","GFCF","TOT","QGRWTH","Q","2017-Q1",-2.921393214,
"ISR","GFCF","TOT","QGRWTH","Q","2017-Q2",3.851266491,
"ISR","GFCF","TOT","QGRWTH","Q","2017-Q3",2.131371301,
"ISR","GFCF","TOT","QGRWTH","Q","2017-Q4",1.22462166,
"ISR","GFCF","TOT","QGRWTH","Q","2018-Q1",5.717975795,
"ISR","GFCF","TOT","QGRWTH","Q","2018-Q2",-0.761078608,
"ISR","GFCF","TOT","QGRWTH","Q","2018-Q3",-0.872875916,
"ISR","GFCF","TOT","QGRWTH","Q","2018-Q4",2.201623199,
"ISR","GFCF","TOT","QGRWTH","Q","2019-Q1",0.600388191,
"ISR","GFCF","TOT","QGRWTH","Q","2019-Q2",-0.409600695,
"ISR","GFCF","TOT","QGRWTH","Q","2019-Q3",1.319986933,
"ISR","GFCF","TOT","QGRWTH","Q","2019-Q4",2.426081901,
"ISR","GFCF","TOT","QGRWTH","Q","2020-Q1",-4.77454058,
"ISR","GFCF","TOT","QGRWTH","Q","2020-Q2",-8.122511873,
"ISR","GFCF","TOT","QGRWTH","Q","2020-Q3",4.937384249,
"ISR","GFCF","TOT","QGRWTH","Q","2020-Q4",10.435310073,
"ISR","GFCF","TOT","QGRWTH","Q","2021-Q1",-1.672316365,
"ISR","GFCF","TOT","QGRWTH","Q","2021-Q2",1.569516568,
"ISR","GFCF","TOT","QGRWTH","Q","2021-Q3",4.968175349,
"ISR","GFCF","TOT","QGRWTH","Q","2021-Q4",4.29657734,
"ISR","GFCF","TOT","QGRWTH","Q","2022-Q1",0.174946765,
"ISR","GFCF","TOT","QGRWTH","Q","2022-Q2",1.577568872,
"LVA","GFCF","TOT","QGRWTH","Q","2017-Q1",1.13670472,
"LVA","GFCF","TOT","QGRWTH","Q","2017-Q2",7.72569023,
"LVA","GFCF","TOT","QGRWTH","Q","2017-Q3",1.777788439,
"LVA","GFCF","TOT","QGRWTH","Q","2017-Q4",0.951966032,
"LVA","GFCF","TOT","QGRWTH","Q","2018-Q1",6.412736189,
"LVA","GFCF","TOT","QGRWTH","Q","2018-Q2",-0.282157025,
"LVA","GFCF","TOT","QGRWTH","Q","2018-Q3",1.7876061,
"LVA","GFCF","TOT","QGRWTH","Q","2018-Q4",5.542429889,
"LVA","GFCF","TOT","QGRWTH","Q","2019-Q1",-0.582382917,
"LVA","GFCF","TOT","QGRWTH","Q","2019-Q2",2.109147296,
"LVA","GFCF","TOT","QGRWTH","Q","2019-Q3",2.563284291,
"LVA","GFCF","TOT","QGRWTH","Q","2019-Q4",-0.926776988,
"LVA","GFCF","TOT","QGRWTH","Q","2020-Q1",3.487347888,
"LVA","GFCF","TOT","QGRWTH","Q","2020-Q2",-11.866060253,
"LVA","GFCF","TOT","QGRWTH","Q","2020-Q3",3.669372554,
"LVA","GFCF","TOT","QGRWTH","Q","2020-Q4",3.733058451,
"LVA","GFCF","TOT","QGRWTH","Q","2021-Q1",-0.134028688,
"LVA","GFCF","TOT","QGRWTH","Q","2021-Q2",1.527459318,
"LVA","GFCF","TOT","QGRWTH","Q","2021-Q3",0.597121114,
"LVA","GFCF","TOT","QGRWTH","Q","2021-Q4",-0.717945202,
"LVA","GFCF","TOT","QGRWTH","Q","2022-Q1",0.854038161,
"LVA","GFCF","TOT","QGRWTH","Q","2022-Q2",-0.178502572,
"LTU","GFCF","TOT","QGRWTH","Q","2017-Q1",3.769760318,
"LTU","GFCF","TOT","QGRWTH","Q","2017-Q2",1.081572579,
"LTU","GFCF","TOT","QGRWTH","Q","2017-Q3",1.047162115,
"LTU","GFCF","TOT","QGRWTH","Q","2017-Q4",4.210171413,
"LTU","GFCF","TOT","QGRWTH","Q","2018-Q1",3.882069589,
"LTU","GFCF","TOT","QGRWTH","Q","2018-Q2",1.324591773,
"LTU","GFCF","TOT","QGRWTH","Q","2018-Q3",1.695524455,
"LTU","GFCF","TOT","QGRWTH","Q","2018-Q4",0.215545557,
"LTU","GFCF","TOT","QGRWTH","Q","2019-Q1",2.875595347,
"LTU","GFCF","TOT","QGRWTH","Q","2019-Q2",2.860049356,
"LTU","GFCF","TOT","QGRWTH","Q","2019-Q3",1.808681934,
"LTU","GFCF","TOT","QGRWTH","Q","2019-Q4",-2.98298469,
"LTU","GFCF","TOT","QGRWTH","Q","2020-Q1",1.398589233,
"LTU","GFCF","TOT","QGRWTH","Q","2020-Q2",-11.261518987,
"LTU","GFCF","TOT","QGRWTH","Q","2020-Q3",12.930910951,
"LTU","GFCF","TOT","QGRWTH","Q","2020-Q4",7.205628335,
"LTU","GFCF","TOT","QGRWTH","Q","2021-Q1",-2.239590683,
"LTU","GFCF","TOT","QGRWTH","Q","2021-Q2",3.683809345,
"LTU","GFCF","TOT","QGRWTH","Q","2021-Q3",-3.159521845,
"LTU","GFCF","TOT","QGRWTH","Q","2021-Q4",2.475420084,
"LTU","GFCF","TOT","QGRWTH","Q","2022-Q1",0.919767242,
"LTU","GFCF","TOT","QGRWTH","Q","2022-Q2",-0.686266131,
"RUS","GFCF","TOT","QGRWTH","Q","2017-Q1",-0.602829327,
"RUS","GFCF","TOT","QGRWTH","Q","2017-Q2",2.386043203,
"RUS","GFCF","TOT","QGRWTH","Q","2017-Q3",-3.592864022,
"RUS","GFCF","TOT","QGRWTH","Q","2017-Q4",3.467568205,
"RUS","GFCF","TOT","QGRWTH","Q","2018-Q1",2.427347815,
"RUS","GFCF","TOT","QGRWTH","Q","2018-Q2",-4.166889383,
"RUS","GFCF","TOT","QGRWTH","Q","2018-Q3",5.723499537,
"RUS","GFCF","TOT","QGRWTH","Q","2018-Q4",-6.949138491,
"RUS","GFCF","TOT","QGRWTH","Q","2019-Q1",3.637687129,
"RUS","GFCF","TOT","QGRWTH","Q","2019-Q2",1.805032366,
"RUS","GFCF","TOT","QGRWTH","Q","2019-Q3",0.851114037,
"RUS","GFCF","TOT","QGRWTH","Q","2019-Q4",-2.573229504,
"RUS","GFCF","TOT","QGRWTH","Q","2020-Q1",-0.602725776,
"RUS","GFCF","TOT","QGRWTH","Q","2020-Q2",-5.060384585,
"RUS","GFCF","TOT","QGRWTH","Q","2020-Q3",0.860282362,
"RUS","GFCF","TOT","QGRWTH","Q","2020-Q4",2.950798686,
"RUS","GFCF","TOT","QGRWTH","Q","2021-Q1",1.226882641,
"RUS","GFCF","TOT","QGRWTH","Q","2021-Q2",6.221291183,
"RUS","GFCF","TOT","QGRWTH","Q","2021-Q3",-2.4022961,
"SVN","GFCF","TOT","QGRWTH","Q","2017-Q1",3.06446284,
"SVN","GFCF","TOT","QGRWTH","Q","2017-Q2",2.066859513,
"SVN","GFCF","TOT","QGRWTH","Q","2017-Q3",0.062396171,
"SVN","GFCF","TOT","QGRWTH","Q","2017-Q4",6.59927191,
"SVN","GFCF","TOT","QGRWTH","Q","2018-Q1",0.140032404,
"SVN","GFCF","TOT","QGRWTH","Q","2018-Q2",2.610311528,
"SVN","GFCF","TOT","QGRWTH","Q","2018-Q3",3.133034362,
"SVN","GFCF","TOT","QGRWTH","Q","2018-Q4",3.092350661,
"SVN","GFCF","TOT","QGRWTH","Q","2019-Q1",2.489902656,
"SVN","GFCF","TOT","QGRWTH","Q","2019-Q2",0.08825525,
"SVN","GFCF","TOT","QGRWTH","Q","2019-Q3",-1.975917628,
"SVN","GFCF","TOT","QGRWTH","Q","2019-Q4",-3.208954632,
"SVN","GFCF","TOT","QGRWTH","Q","2020-Q1",-2.139013599,
"SVN","GFCF","TOT","QGRWTH","Q","2020-Q2",-11.046910302,
"SVN","GFCF","TOT","QGRWTH","Q","2020-Q3",12.623295975,
"SVN","GFCF","TOT","QGRWTH","Q","2020-Q4",0.251181347,
"SVN","GFCF","TOT","QGRWTH","Q","2021-Q1",7.521415565,
"SVN","GFCF","TOT","QGRWTH","Q","2021-Q2",0.29461295,
"SVN","GFCF","TOT","QGRWTH","Q","2021-Q3",3.484283443,
"SVN","GFCF","TOT","QGRWTH","Q","2021-Q4",1.567999093,
"SVN","GFCF","TOT","QGRWTH","Q","2022-Q1",2.69281714,
"SVN","GFCF","TOT","QGRWTH","Q","2022-Q2",-1.160411032,
"ZAF","GFCF","TOT","QGRWTH","Q","2017-Q1",-0.356596076,
"ZAF","GFCF","TOT","QGRWTH","Q","2017-Q2",-2.65241515,
"ZAF","GFCF","TOT","QGRWTH","Q","2017-Q3",1.705217238,
"ZAF","GFCF","TOT","QGRWTH","Q","2017-Q4",1.13945261,
"ZAF","GFCF","TOT","QGRWTH","Q","2018-Q1",-0.482650913,
"ZAF","GFCF","TOT","QGRWTH","Q","2018-Q2",-1.13396222,
"ZAF","GFCF","TOT","QGRWTH","Q","2018-Q3",-0.509183976,
"ZAF","GFCF","TOT","QGRWTH","Q","2018-Q4",-2.991713319,
"ZAF","GFCF","TOT","QGRWTH","Q","2019-Q1",1.753858933,
"ZAF","GFCF","TOT","QGRWTH","Q","2019-Q2",-1.327233406,
"ZAF","GFCF","TOT","QGRWTH","Q","2019-Q3",1.834624905,
"ZAF","GFCF","TOT","QGRWTH","Q","2019-Q4",-3.801663391,
"ZAF","GFCF","TOT","QGRWTH","Q","2020-Q1",-2.970518522,
"ZAF","GFCF","TOT","QGRWTH","Q","2020-Q2",-22.139661661,
"ZAF","GFCF","TOT","QGRWTH","Q","2020-Q3",14.092551307,
"ZAF","GFCF","TOT","QGRWTH","Q","2020-Q4",5.261687662,
"ZAF","GFCF","TOT","QGRWTH","Q","2021-Q1",-3.125103066,
"ZAF","GFCF","TOT","QGRWTH","Q","2021-Q2",-0.259010334,
"ZAF","GFCF","TOT","QGRWTH","Q","2021-Q3",-1.12334901,
"ZAF","GFCF","TOT","QGRWTH","Q","2021-Q4",1.560054233,
"ZAF","GFCF","TOT","QGRWTH","Q","2022-Q1",3.410070312,
"ZAF","GFCF","TOT","QGRWTH","Q","2022-Q2",0.471390774,
"OECD","GFCF","TOT","QGRWTH","Q","2017-Q1",0.426136109,
"OECD","GFCF","TOT","QGRWTH","Q","2017-Q2",2.839770783,
"OECD","GFCF","TOT","QGRWTH","Q","2017-Q3",-0.326531357,
"OECD","GFCF","TOT","QGRWTH","Q","2017-Q4",0.986139657,
"OECD","GFCF","TOT","QGRWTH","Q","2018-Q1",0.935381308,
"OECD","GFCF","TOT","QGRWTH","Q","2018-Q2",1.129232498,
"OECD","GFCF","TOT","QGRWTH","Q","2018-Q3",-0.75334271,
"OECD","GFCF","TOT","QGRWTH","Q","2018-Q4",0.657913725,
"OECD","GFCF","TOT","QGRWTH","Q","2019-Q1",0.102610234,
"OECD","GFCF","TOT","QGRWTH","Q","2019-Q2",1.851182886,
"OECD","GFCF","TOT","QGRWTH","Q","2019-Q3",-0.860404708,
"OECD","GFCF","TOT","QGRWTH","Q","2019-Q4",2.135209662,
"OECD","GFCF","TOT","QGRWTH","Q","2020-Q1",-1.779239446,
"OECD","GFCF","TOT","QGRWTH","Q","2020-Q2",-11.254107083,
"OECD","GFCF","TOT","QGRWTH","Q","2020-Q3",8.92124425,
"OECD","GFCF","TOT","QGRWTH","Q","2020-Q4",2.774448783,
"OECD","GFCF","TOT","QGRWTH","Q","2021-Q1",0.723401247,
"OECD","GFCF","TOT","QGRWTH","Q","2021-Q2",0.783323561,
"OECD","GFCF","TOT","QGRWTH","Q","2021-Q3",-0.238117409,
"OECD","GFCF","TOT","QGRWTH","Q","2021-Q4",1.169759872,
"OECD","GFCF","TOT","QGRWTH","Q","2022-Q1",0.452847686,
"OECD","GFCF","TOT","QGRWTH","Q","2022-Q2",-0.314119211,
"OECDE","GFCF","TOT","QGRWTH","Q","2017-Q1",-0.188269615,
"OECDE","GFCF","TOT","QGRWTH","Q","2017-Q2",5.629468557,
"OECDE","GFCF","TOT","QGRWTH","Q","2017-Q3",-1.78929079,
"OECDE","GFCF","TOT","QGRWTH","Q","2017-Q4",0.492884316,
"OECDE","GFCF","TOT","QGRWTH","Q","2018-Q1",0.824348285,
"OECDE","GFCF","TOT","QGRWTH","Q","2018-Q2",1.818348463,
"OECDE","GFCF","TOT","QGRWTH","Q","2018-Q3",-1.145484256,
"OECDE","GFCF","TOT","QGRWTH","Q","2018-Q4",1.588246909,
"OECDE","GFCF","TOT","QGRWTH","Q","2019-Q1",-0.487600408,
"OECDE","GFCF","TOT","QGRWTH","Q","2019-Q2",3.767822609,
"OECDE","GFCF","TOT","QGRWTH","Q","2019-Q3",-3.178243928,
"OECDE","GFCF","TOT","QGRWTH","Q","2019-Q4",6.544992704,
"OECDE","GFCF","TOT","QGRWTH","Q","2020-Q1",-3.732200485,
"OECDE","GFCF","TOT","QGRWTH","Q","2020-Q2",-15.950572785,
"OECDE","GFCF","TOT","QGRWTH","Q","2020-Q3",14.811993815,
"OECDE","GFCF","TOT","QGRWTH","Q","2020-Q4",2.303384854,
"OECDE","GFCF","TOT","QGRWTH","Q","2021-Q1",-1.079807627,
"OECDE","GFCF","TOT","QGRWTH","Q","2021-Q2",1.014092142,
"OECDE","GFCF","TOT","QGRWTH","Q","2021-Q3",0.030973187,
"OECDE","GFCF","TOT","QGRWTH","Q","2021-Q4",2.444637461,
"OECDE","GFCF","TOT","QGRWTH","Q","2022-Q1",0.725774114,
"OECDE","GFCF","TOT","QGRWTH","Q","2022-Q2",0.026190796,
"G-7","GFCF","TOT","QGRWTH","Q","2017-Q1",1.125439339,
"G-7","GFCF","TOT","QGRWTH","Q","2017-Q2",1.158075653,
"G-7","GFCF","TOT","QGRWTH","Q","2017-Q3",0.560828365,
"G-7","GFCF","TOT","QGRWTH","Q","2017-Q4",1.530891907,
"G-7","GFCF","TOT","QGRWTH","Q","2018-Q1",0.547921499,
"G-7","GFCF","TOT","QGRWTH","Q","2018-Q2",1.180189787,
"G-7","GFCF","TOT","QGRWTH","Q","2018-Q3",-0.007464274,
"G-7","GFCF","TOT","QGRWTH","Q","2018-Q4",0.251788158,
"G-7","GFCF","TOT","QGRWTH","Q","2019-Q1",0.867396103,
"G-7","GFCF","TOT","QGRWTH","Q","2019-Q2",0.696695643,
"G-7","GFCF","TOT","QGRWTH","Q","2019-Q3",0.992060531,
"G-7","GFCF","TOT","QGRWTH","Q","2019-Q4",-1.081232376,
"G-7","GFCF","TOT","QGRWTH","Q","2020-Q1",-1.453297004,
"G-7","GFCF","TOT","QGRWTH","Q","2020-Q2",-8.345874719,
"G-7","GFCF","TOT","QGRWTH","Q","2020-Q3",7.669579234,
"G-7","GFCF","TOT","QGRWTH","Q","2020-Q4",2.704163951,
"G-7","GFCF","TOT","QGRWTH","Q","2021-Q1",1.102373906,
"G-7","GFCF","TOT","QGRWTH","Q","2021-Q2",1.090529101,
"G-7","GFCF","TOT","QGRWTH","Q","2021-Q3",-0.638591373,
"G-7","GFCF","TOT","QGRWTH","Q","2021-Q4",0.199989283,
"G-7","GFCF","TOT","QGRWTH","Q","2022-Q1",1.011164783,
"G-7","GFCF","TOT","QGRWTH","Q","2022-Q2",-0.736594894,
"EA19","GFCF","TOT","QGRWTH","Q","2017-Q1",-1.128526697,
"EA19","GFCF","TOT","QGRWTH","Q","2017-Q2",7.525252422,
"EA19","GFCF","TOT","QGRWTH","Q","2017-Q3",-4.302088224,
"EA19","GFCF","TOT","QGRWTH","Q","2017-Q4",0.745587653,
"EA19","GFCF","TOT","QGRWTH","Q","2018-Q1",0.209564254,
"EA19","GFCF","TOT","QGRWTH","Q","2018-Q2",1.878377515,
"EA19","GFCF","TOT","QGRWTH","Q","2018-Q3",0.51041458,
"EA19","GFCF","TOT","QGRWTH","Q","2018-Q4",4.392841246,
"EA19","GFCF","TOT","QGRWTH","Q","2019-Q1",-2.324181448,
"EA19","GFCF","TOT","QGRWTH","Q","2019-Q2",7.06409383,
"EA19","GFCF","TOT","QGRWTH","Q","2019-Q3",-4.90049224,
"EA19","GFCF","TOT","QGRWTH","Q","2019-Q4",9.386124729,
"EA19","GFCF","TOT","QGRWTH","Q","2020-Q1",-4.929492346,
"EA19","GFCF","TOT","QGRWTH","Q","2020-Q2",-19.112178016,
"EA19","GFCF","TOT","QGRWTH","Q","2020-Q3",15.629605316,
"EA19","GFCF","TOT","QGRWTH","Q","2020-Q4",3.507979891,
"EA19","GFCF","TOT","QGRWTH","Q","2021-Q1",-2.383251519,
"EA19","GFCF","TOT","QGRWTH","Q","2021-Q2",1.761447656,
"EA19","GFCF","TOT","QGRWTH","Q","2021-Q3",-0.733523101,
"EA19","GFCF","TOT","QGRWTH","Q","2021-Q4",3.391045778,
"EA19","GFCF","TOT","QGRWTH","Q","2022-Q1",-0.79076601,
"EA19","GFCF","TOT","QGRWTH","Q","2022-Q2",0.749429505,
"BGR","GFCF","TOT","QGRWTH","Q","2017-Q1",1.129256136,
"BGR","GFCF","TOT","QGRWTH","Q","2017-Q2",2.323841231,
"BGR","GFCF","TOT","QGRWTH","Q","2017-Q3",1.138920739,
"BGR","GFCF","TOT","QGRWTH","Q","2017-Q4",1.53228404,
"BGR","GFCF","TOT","QGRWTH","Q","2018-Q1",1.970571097,
"BGR","GFCF","TOT","QGRWTH","Q","2018-Q2",0.596370327,
"BGR","GFCF","TOT","QGRWTH","Q","2018-Q3",0.488964046,
"BGR","GFCF","TOT","QGRWTH","Q","2018-Q4",0.80183673,
"BGR","GFCF","TOT","QGRWTH","Q","2019-Q1",1.883059806,
"BGR","GFCF","TOT","QGRWTH","Q","2019-Q2",1.020797835,
"BGR","GFCF","TOT","QGRWTH","Q","2019-Q3",-1.246342763,
"BGR","GFCF","TOT","QGRWTH","Q","2019-Q4",-0.124441693,
"BGR","GFCF","TOT","QGRWTH","Q","2020-Q1",-0.673880953,
"BGR","GFCF","TOT","QGRWTH","Q","2020-Q2",1.633334025,
"BGR","GFCF","TOT","QGRWTH","Q","2020-Q3",1.393967077,
"BGR","GFCF","TOT","QGRWTH","Q","2020-Q4",-0.827300247,
"BGR","GFCF","TOT","QGRWTH","Q","2021-Q1",-3.439691014,
"BGR","GFCF","TOT","QGRWTH","Q","2021-Q2",-1.476942379,
"BGR","GFCF","TOT","QGRWTH","Q","2021-Q3",-4.01560671,
"BGR","GFCF","TOT","QGRWTH","Q","2021-Q4",-2.662569582,
"BGR","GFCF","TOT","QGRWTH","Q","2022-Q1",-1.672616263,
"BGR","GFCF","TOT","QGRWTH","Q","2022-Q2",-2.524626089,
"ROU","GFCF","TOT","QGRWTH","Q","2017-Q1",3.959037059,
"ROU","GFCF","TOT","QGRWTH","Q","2017-Q2",2.82974699,
"ROU","GFCF","TOT","QGRWTH","Q","2017-Q3",1.490675311,
"ROU","GFCF","TOT","QGRWTH","Q","2017-Q4",3.09816694,
"ROU","GFCF","TOT","QGRWTH","Q","2018-Q1",-2.146102031,
"ROU","GFCF","TOT","QGRWTH","Q","2018-Q2",-2.778370687,
"ROU","GFCF","TOT","QGRWTH","Q","2018-Q3",-1.397782575,
"ROU","GFCF","TOT","QGRWTH","Q","2018-Q4",5.838312243,
"ROU","GFCF","TOT","QGRWTH","Q","2019-Q1",0.799431983,
"ROU","GFCF","TOT","QGRWTH","Q","2019-Q2",7.583070274,
"ROU","GFCF","TOT","QGRWTH","Q","2019-Q3",6.886907601,
"ROU","GFCF","TOT","QGRWTH","Q","2019-Q4",-3.603487783,
"ROU","GFCF","TOT","QGRWTH","Q","2020-Q1",-2.197414253,
"ROU","GFCF","TOT","QGRWTH","Q","2020-Q2",-2.955072313,
"ROU","GFCF","TOT","QGRWTH","Q","2020-Q3",7.510146054,
"ROU","GFCF","TOT","QGRWTH","Q","2020-Q4",1.035604179,
"ROU","GFCF","TOT","QGRWTH","Q","2021-Q1",0.595056918,"P"
"ROU","GFCF","TOT","QGRWTH","Q","2021-Q2",0.689874279,"P"
"ROU","GFCF","TOT","QGRWTH","Q","2021-Q3",-3.719480129,"P"
"ROU","GFCF","TOT","QGRWTH","Q","2021-Q4",-1.342082881,"P"
"ROU","GFCF","TOT","QGRWTH","Q","2022-Q1",5.219117519,"P"
"ROU","GFCF","TOT","QGRWTH","Q","2022-Q2",1.8115125,"P"
"EU27_2020","GFCF","TOT","QGRWTH","Q","2017-Q1",-0.798464769,
"EU27_2020","GFCF","TOT","QGRWTH","Q","2017-Q2",6.813764525,
"EU27_2020","GFCF","TOT","QGRWTH","Q","2017-Q3",-3.431039817,
"EU27_2020","GFCF","TOT","QGRWTH","Q","2017-Q4",0.755607803,
"EU27_2020","GFCF","TOT","QGRWTH","Q","2018-Q1",0.464659393,
"EU27_2020","GFCF","TOT","QGRWTH","Q","2018-Q2",2.026745312,
"EU27_2020","GFCF","TOT","QGRWTH","Q","2018-Q3",0.283408236,
"EU27_2020","GFCF","TOT","QGRWTH","Q","2018-Q4",3.940293294,
"EU27_2020","GFCF","TOT","QGRWTH","Q","2019-Q1",-1.701027921,
"EU27_2020","GFCF","TOT","QGRWTH","Q","2019-Q2",5.972699289,
"EU27_2020","GFCF","TOT","QGRWTH","Q","2019-Q3",-3.900599518,
"EU27_2020","GFCF","TOT","QGRWTH","Q","2019-Q4",8.117595851,
"EU27_2020","GFCF","TOT","QGRWTH","Q","2020-Q1",-4.272489186,
"EU27_2020","GFCF","TOT","QGRWTH","Q","2020-Q2",-17.147042516,
"EU27_2020","GFCF","TOT","QGRWTH","Q","2020-Q3",13.576960101,
"EU27_2020","GFCF","TOT","QGRWTH","Q","2020-Q4",3.293172398,
"EU27_2020","GFCF","TOT","QGRWTH","Q","2021-Q1",-1.752061393,
"EU27_2020","GFCF","TOT","QGRWTH","Q","2021-Q2",1.469188739,
"EU27_2020","GFCF","TOT","QGRWTH","Q","2021-Q3",-0.576999483,
"EU27_2020","GFCF","TOT","QGRWTH","Q","2021-Q4",2.962206533,
"EU27_2020","GFCF","TOT","QGRWTH","Q","2022-Q1",-0.006213354,
"EU27_2020","GFCF","TOT","QGRWTH","Q","2022-Q2",0.600203383,
"CRI","GFCF","TOT","QGRWTH","Q","2017-Q1",0.16067844,
"CRI","GFCF","TOT","QGRWTH","Q","2017-Q2",-3.572237248,
"CRI","GFCF","TOT","QGRWTH","Q","2017-Q3",-10.615539416,
"CRI","GFCF","TOT","QGRWTH","Q","2017-Q4",11.483069599,
"CRI","GFCF","TOT","QGRWTH","Q","2018-Q1",1.690528737,
"CRI","GFCF","TOT","QGRWTH","Q","2018-Q2",2.284066402,
"CRI","GFCF","TOT","QGRWTH","Q","2018-Q3",-4.668251664,
"CRI","GFCF","TOT","QGRWTH","Q","2018-Q4",-3.388757016,
"CRI","GFCF","TOT","QGRWTH","Q","2019-Q1",-0.272789673,
"CRI","GFCF","TOT","QGRWTH","Q","2019-Q2",-5.77780094,
"CRI","GFCF","TOT","QGRWTH","Q","2019-Q3",-1.336267752,
"CRI","GFCF","TOT","QGRWTH","Q","2019-Q4",4.947575657,
"CRI","GFCF","TOT","QGRWTH","Q","2020-Q1",-5.003816259,
"CRI","GFCF","TOT","QGRWTH","Q","2020-Q2",0.880503012,
"CRI","GFCF","TOT","QGRWTH","Q","2020-Q3",0.605184058,
"CRI","GFCF","TOT","QGRWTH","Q","2020-Q4",-2.745839131,
"CRI","GFCF","TOT","QGRWTH","Q","2021-Q1",-0.045155457,
"CRI","GFCF","TOT","QGRWTH","Q","2021-Q2",17.108147757,
"CRI","GFCF","TOT","QGRWTH","Q","2021-Q3",-1.586428065,
"CRI","GFCF","TOT","QGRWTH","Q","2021-Q4",1.435306759,
"CRI","GFCF","TOT","QGRWTH","Q","2022-Q1",5.99692348,
"CRI","GFCF","TOT","QGRWTH","Q","2022-Q2",-8.07712784,
"CRI","GFCF","TOT","QGRWTH","Q","2022-Q3",-4.746282869,
"HRV","GFCF","TOT","QGRWTH","Q","2017-Q1",-1.275253407,
"HRV","GFCF","TOT","QGRWTH","Q","2017-Q2",1.747546281,
"HRV","GFCF","TOT","QGRWTH","Q","2017-Q3",0.338281718,
"HRV","GFCF","TOT","QGRWTH","Q","2017-Q4",0.026010035,
"HRV","GFCF","TOT","QGRWTH","Q","2018-Q1",-0.121373556,
"HRV","GFCF","TOT","QGRWTH","Q","2018-Q2",1.44388568,
"HRV","GFCF","TOT","QGRWTH","Q","2018-Q3",2.374363484,
"HRV","GFCF","TOT","QGRWTH","Q","2018-Q4",4.115772249,
"HRV","GFCF","TOT","QGRWTH","Q","2019-Q1",3.352116535,
"HRV","GFCF","TOT","QGRWTH","Q","2019-Q2",1.349200328,
"HRV","GFCF","TOT","QGRWTH","Q","2019-Q3",0.209781184,
"HRV","GFCF","TOT","QGRWTH","Q","2019-Q4",2.072915812,
"HRV","GFCF","TOT","QGRWTH","Q","2020-Q1",-4.909136475,"P"
"HRV","GFCF","TOT","QGRWTH","Q","2020-Q2",-12.156210053,"P"
"HRV","GFCF","TOT","QGRWTH","Q","2020-Q3",11.674065758,"P"
"HRV","GFCF","TOT","QGRWTH","Q","2020-Q4",3.969968931,"P"
"HRV","GFCF","TOT","QGRWTH","Q","2021-Q1",2.089357737,"P"
"HRV","GFCF","TOT","QGRWTH","Q","2021-Q2",0.048982708,"P"
"HRV","GFCF","TOT","QGRWTH","Q","2021-Q3",0.909959283,"P"
"HRV","GFCF","TOT","QGRWTH","Q","2021-Q4",-1.523844744,"P"
"HRV","GFCF","TOT","QGRWTH","Q","2022-Q1",7.820398276,"P"
"HRV","GFCF","TOT","QGRWTH","Q","2022-Q2",-1.783792893,"P"
